{
  "type": "FeatureCollection",
  "features": [
    {
      "type": "Feature",
      "geometry": {
        "type": "Point",
        "coordinates": [
          116.81429567,
          40.45026083
        ]
      },
      "properties": {
        "name": "龚庄子进水闸",
        "type": "西田各庄段--进水闸",
        "params": {
          "备注": "",
          "桩号（Km+m）": "0+000",
          "设计流量(m3/s)": "70",
          "闸槛高程(m)": "86",
          "闸门结构形式": "平板钢闸门",
          "启闭机型号": "Y112M—6",
          "启闭形式": "螺杆式",
          "闸门规格": "孔—宽*高（m） : 2—2.5*4.0",
          "启闭机数量": "2",
          "鉴定及改造情况": "鉴定二类闸，未大修"
        },
        "photos": [],
        "description": "备注 : |\n桩号（Km+m） : 0+000|\n设计流量(m3/s) : 70|\n闸槛高程(m) : 86|\n闸门结构形式 : 平板钢闸门|\n启闭机型号 : Y112M—6|\n启闭形式 : 螺杆式|\n闸门规格:孔—宽*高（m） : 2—2.5*4.0|\n启闭机数量 : 2|\n鉴定及改造情况 : 鉴定二类闸，未大修"
      }
    },
    {
      "type": "Feature",
      "geometry": {
        "type": "Point",
        "coordinates": [
          116.81029785,
          40.43707111
        ]
      },
      "properties": {
        "name": "1号跌水节制闸",
        "type": "西田各庄段--节制闸",
        "params": {
          "备注": "",
          "桩号（Km+m）": "1+508",
          "设计流量（m3/s）": "70",
          "闸槛高程（m）": "82.83",
          "闸门结构形式": "平板钢闸门",
          "闸门规格": "孔_宽*高（m） : 2—5*2.8",
          "启闭形式": "卷扬式",
          "启闭机型号": "QP-2*50",
          "鉴定及改造情况": "鉴定二类闸，未大修"
        },
        "photos": [],
        "description": "备注 : |\n桩号（Km+m） : 1+508|\n设计流量（m3/s） : 70|\n闸槛高程（m） : 82.83|\n闸门结构形式 : 平板钢闸门|\n闸门规格：孔_宽*高（m） : 2—5*2.8|\n启闭形式 : 卷扬式|\n启闭机型号 : QP-2*50|\n鉴定及改造情况 : 鉴定二类闸，未大修"
      }
    },
    {
      "type": "Feature",
      "geometry": {
        "type": "Point",
        "coordinates": [
          116.80039777,
          40.427795
        ]
      },
      "properties": {
        "name": "2号跌水节制闸",
        "type": "西田各庄段--节制闸",
        "params": {
          "备注": "",
          "桩号（Km+m）": "2+923",
          "设计流量（m3/s）": "70",
          "闸槛高程（m）": "79.92",
          "闸门结构形式": "平板钢闸门",
          "闸门规格": "孔_宽*高（m） : 2—5*2.8",
          "启闭形式": "卷扬式",
          "启闭机型号": "QP-2*50",
          "鉴定及改造情况": "鉴定二类闸，未大修"
        },
        "photos": [],
        "description": "备注 : |\n桩号（Km+m） : 2+923|\n设计流量（m3/s） : 70|\n闸槛高程（m） : 79.92|\n闸门结构形式 : 平板钢闸门|\n闸门规格：孔_宽*高（m） : 2—5*2.8|\n启闭形式 : 卷扬式|\n启闭机型号 : QP-2*50|\n鉴定及改造情况 : 鉴定二类闸，未大修"
      }
    },
    {
      "type": "Feature",
      "geometry": {
        "type": "Point",
        "coordinates": [
          116.78748701,
          40.42260362
        ]
      },
      "properties": {
        "name": "3号跌水节制闸",
        "type": "西田各庄段--节制闸",
        "params": {
          "备注": "",
          "桩号（Km+m）": "4+166",
          "设计流量（m3/s）": "70",
          "闸槛高程（m）": "76.16",
          "闸门结构形式": "平板钢闸门",
          "闸门规格": "孔_宽*高（m） : 2—5*2.8",
          "启闭形式": "卷扬式",
          "启闭机型号": "QP-2*50",
          "鉴定及改造情况": "鉴定二类闸，未大修"
        },
        "photos": [],
        "description": "备注 : |\n桩号（Km+m） : 4+166|\n设计流量（m3/s） : 70|\n闸槛高程（m） : 76.16|\n闸门结构形式 : 平板钢闸门|\n闸门规格：孔_宽*高（m） : 2—5*2.8|\n启闭形式 : 卷扬式|\n启闭机型号 : QP-2*50|\n鉴定及改造情况 : 鉴定二类闸，未大修"
      }
    },
    {
      "type": "Feature",
      "geometry": {
        "type": "Point",
        "coordinates": [
          116.77935988,
          40.41087688
        ]
      },
      "properties": {
        "name": "4号跌水节制闸",
        "type": "西田各庄段--节制闸",
        "params": {
          "备注": "",
          "桩号（Km+m）": "5+699",
          "设计流量（m3/s）": "70",
          "闸槛高程（m）": "73.5",
          "闸门结构形式": "平板钢闸门",
          "闸门规格": "孔_宽*高（m） : 2—5*2.8",
          "启闭形式": "卷扬式",
          "启闭机型号": "QP-2*50",
          "鉴定及改造情况": "鉴定二类闸，未大修"
        },
        "photos": [],
        "description": "备注 : |\n桩号（Km+m） : 5+699|\n设计流量（m3/s） : 70|\n闸槛高程（m） : 73.5|\n闸门结构形式 : 平板钢闸门|\n闸门规格：孔_宽*高（m） : 2—5*2.8|\n启闭形式 : 卷扬式|\n启闭机型号 : QP-2*50|\n鉴定及改造情况 : 鉴定二类闸，未大修"
      }
    },
    {
      "type": "Feature",
      "geometry": {
        "type": "Point",
        "coordinates": [
          116.76736105,
          40.39771619
        ]
      },
      "properties": {
        "name": "5号跌水节制闸",
        "type": "西田各庄段--节制闸",
        "params": {
          "备注": "",
          "桩号（Km+m）": "7+634",
          "设计流量（m3/s）": "70",
          "闸槛高程（m）": "67.48",
          "闸门结构形式": "平板钢闸门",
          "闸门规格": "孔_宽*高（m） : 2—5*2.8",
          "启闭形式": "卷扬式",
          "启闭机型号": "QP-2*50",
          "鉴定及改造情况": "鉴定二类闸，未大修"
        },
        "photos": [],
        "description": "备注 : |\n桩号（Km+m） : 7+634|\n设计流量（m3/s） : 70|\n闸槛高程（m） : 67.48|\n闸门结构形式 : 平板钢闸门|\n闸门规格：孔_宽*高（m） : 2—5*2.8|\n启闭形式 : 卷扬式|\n启闭机型号 : QP-2*50|\n鉴定及改造情况 : 鉴定二类闸，未大修"
      }
    },
    {
      "type": "Feature",
      "geometry": {
        "type": "Point",
        "coordinates": [
          116.7324132,
          40.3957838
        ]
      },
      "properties": {
        "name": "6号跌水节制闸",
        "type": "西田各庄段--节制闸",
        "params": {
          "备注": "",
          "桩号（Km+m）": "10+672",
          "设计流量（m3/s）": "70",
          "闸槛高程（m）": "63.53",
          "闸门结构形式": "平板钢闸门",
          "闸门规格": "孔_宽*高（m） : 2—3.5*2.8",
          "启闭形式": "卷扬式",
          "启闭机型号": "QP-2*50",
          "鉴定及改造情况": "鉴定二类闸，未大修"
        },
        "photos": [],
        "description": "备注 : |\n桩号（Km+m） : 10+672|\n设计流量（m3/s） : 70|\n闸槛高程（m） : 63.53|\n闸门结构形式 : 平板钢闸门|\n闸门规格：孔_宽*高（m） : 2—3.5*2.8|\n启闭形式 : 卷扬式|\n启闭机型号 : QP-2*50|\n鉴定及改造情况 : 鉴定二类闸，未大修"
      }
    },
    {
      "type": "Feature",
      "geometry": {
        "type": "Point",
        "coordinates": [
          116.76645252,
          40.39800979
        ]
      },
      "properties": {
        "name": "西田各庄所门口外",
        "type": "西田各庄段--变压器",
        "params": {
          "备注": "",
          "容量（KVA）": "500",
          "安装形式": "箱式",
          "管理所": "西田各庄管理所"
        },
        "photos": [],
        "description": "备注 : |\n容量（KVA） : 500|\n安装形式 : 箱式|\n管理所 : 西田各庄管理所"
      }
    },
    {
      "type": "Feature",
      "geometry": {
        "type": "Point",
        "coordinates": [
          116.8145035,
          40.44985239
        ]
      },
      "properties": {
        "name": "龚庄子站院内",
        "type": "西田各庄段--变压器",
        "params": {
          "备注": "",
          "容量（KVA）": "200",
          "安装形式": "箱式",
          "管理所": "西田各庄管理所"
        },
        "photos": [],
        "description": "备注 : |\n容量（KVA） : 200|\n安装形式 : 箱式|\n管理所 : 西田各庄管理所"
      }
    },
    {
      "type": "Feature",
      "geometry": {
        "type": "Point",
        "coordinates": [
          116.80038202,
          40.4287368
        ]
      },
      "properties": {
        "name": "二号站院内",
        "type": "西田各庄段--变压器",
        "params": {
          "备注": "",
          "容量（KVA）": "200",
          "安装形式": "箱式",
          "管理所": "西田各庄管理所"
        },
        "photos": [],
        "description": "备注 : |\n容量（KVA） : 200|\n安装形式 : 箱式|\n管理所 : 西田各庄管理所"
      }
    },
    {
      "type": "Feature",
      "geometry": {
        "type": "Point",
        "coordinates": [
          116.77975873,
          40.41081611
        ]
      },
      "properties": {
        "name": "董各庄管理站院内",
        "type": "西田各庄段--变压器",
        "params": {
          "备注": "",
          "容量（KVA）": "200",
          "安装形式": "箱式",
          "管理所": "西田各庄管理所"
        },
        "photos": [],
        "description": "备注 : |\n容量（KVA） : 200|\n安装形式 : 箱式|\n管理所 : 西田各庄管理所"
      }
    },
    {
      "type": "Feature",
      "geometry": {
        "type": "Point",
        "coordinates": [
          116.73267008,
          40.3949122
        ]
      },
      "properties": {
        "name": "原四号站院内",
        "type": "西田各庄段--变压器",
        "params": {
          "备注": "",
          "容量（KVA）": "100",
          "安装形式": "杆式",
          "管理所": "西田各庄管理所"
        },
        "photos": [],
        "description": "备注 : |\n容量（KVA） : 100|\n安装形式 : 杆式|\n管理所 : 西田各庄管理所"
      }
    },
    {
      "type": "Feature",
      "geometry": {
        "type": "Point",
        "coordinates": [
          116.81024151,
          40.43736814
        ]
      },
      "properties": {
        "name": "3号支渠",
        "type": "西田各庄段--分水闸",
        "params": {
          "备注": "",
          "桩号（Km+m）": "右1+484",
          "启闭机型号": "机4",
          "设计流量（m3/s）": "0.7",
          "引水渠底高程分水闸底高程（m）": "82.89/84.30",
          "进口尺寸（cm）": "已封堵",
          "鉴定及改造情况": "已封堵      无改造",
          "权属": "京引"
        },
        "photos": [],
        "description": "备注 : |\n桩号（Km+m） : 右1+484|\n启闭机型号 : 机4|\n设计流量（m3/s） : 0.7|\n引水渠底高程分水闸底高程（m） : 82.89/84.30|\n进口尺寸（cm） : 已封堵|\n鉴定及改造情况 : 已封堵      无改造|\n权属 : 京引"
      }
    },
    {
      "type": "Feature",
      "geometry": {
        "type": "Point",
        "coordinates": [
          116.80043403,
          40.42776744
        ]
      },
      "properties": {
        "name": "12号支渠",
        "type": "西田各庄段--分水闸",
        "params": {
          "备注": "",
          "桩号（Km+m）": "2+888",
          "启闭机型号": "￠400闸阀",
          "设计流量（m3/s）": "0.7",
          "引水渠底高程分水闸底高程（m）": "79.97/80.77",
          "进口尺寸（cm）": "已封堵",
          "鉴定及改造情况": "已封堵      无改造",
          "权属": "京引"
        },
        "photos": [],
        "description": "备注 : |\n桩号（Km+m） : 2+888|\n启闭机型号 : ￠400闸阀|\n设计流量（m3/s） : 0.7|\n引水渠底高程分水闸底高程（m） : 79.97/80.77|\n进口尺寸（cm） : 已封堵|\n鉴定及改造情况 : 已封堵      无改造|\n权属 : 京引"
      }
    },
    {
      "type": "Feature",
      "geometry": {
        "type": "Point",
        "coordinates": [
          116.80587622,
          40.43060543
        ]
      },
      "properties": {
        "name": "13号支渠",
        "type": "西田各庄段--分水闸",
        "params": {
          "备注": "",
          "桩号（Km+m）": "右2+369",
          "启闭机型号": "￠500闸阀",
          "设计流量（m3/s）": "0.7",
          "引水渠底高程分水闸底高程（m）": "79.98/80.91",
          "进口尺寸（cm）": "已封堵",
          "鉴定及改造情况": "已封堵      无改造",
          "权属": "京引"
        },
        "photos": [],
        "description": "备注 : |\n桩号（Km+m） : 右2+369|\n启闭机型号 : ￠500闸阀|\n设计流量（m3/s） : 0.7|\n引水渠底高程分水闸底高程（m） : 79.98/80.91|\n进口尺寸（cm） : 已封堵|\n鉴定及改造情况 : 已封堵      无改造|\n权属 : 京引"
      }
    },
    {
      "type": "Feature",
      "geometry": {
        "type": "Point",
        "coordinates": [
          116.78767611,
          40.4227731
        ]
      },
      "properties": {
        "name": "4号支渠",
        "type": "西田各庄段--分水闸",
        "params": {
          "备注": "",
          "桩号（Km+m）": "右4+146",
          "启闭机型号": "机4",
          "设计流量（m3/s）": "5",
          "引水渠底高程分水闸底高程（m）": "76.16/77.01",
          "进口尺寸（cm）": "1—100x170",
          "鉴定及改造情况": "常年关闭状态   无改造",
          "权属": "京引"
        },
        "photos": [],
        "description": "备注 : |\n桩号（Km+m） : 右4+146|\n启闭机型号 : 机4|\n设计流量（m3/s） : 5|\n引水渠底高程分水闸底高程（m） : 76.16/77.01|\n进口尺寸（cm） : 1—100x170|\n鉴定及改造情况 : 常年关闭状态   无改造|\n权属 : 京引"
      }
    },
    {
      "type": "Feature",
      "geometry": {
        "type": "Point",
        "coordinates": [
          116.78778065,
          40.42263426
        ]
      },
      "properties": {
        "name": "5号支渠",
        "type": "西田各庄段--分水闸",
        "params": {
          "备注": "",
          "桩号（Km+m）": "4+147",
          "启闭机型号": "机4",
          "设计流量（m3/s）": "2.5",
          "引水渠底高程分水闸底高程（m）": "76.16/76.97",
          "进口尺寸（cm）": "1—100x170",
          "鉴定及改造情况": "常年关闭状态   无改造",
          "权属": "京引"
        },
        "photos": [],
        "description": "备注 : |\n桩号（Km+m） : 4+147|\n启闭机型号 : 机4|\n设计流量（m3/s） : 2.5|\n引水渠底高程分水闸底高程（m） : 76.16/76.97|\n进口尺寸（cm） : 1—100x170|\n鉴定及改造情况 : 常年关闭状态   无改造|\n权属 : 京引"
      }
    },
    {
      "type": "Feature",
      "geometry": {
        "type": "Point",
        "coordinates": [
          116.78063396,
          40.4143119
        ]
      },
      "properties": {
        "name": "6号支渠",
        "type": "西田各庄段--分水闸",
        "params": {
          "备注": "",
          "桩号（Km+m）": "右5+302",
          "启闭机型号": "￠400闸阀",
          "设计流量（m3/s）": "0.7",
          "引水渠底高程分水闸底高程（m）": "73.66/74.15",
          "进口尺寸（cm）": "1—60x240",
          "鉴定及改造情况": "常年关闭状态   无改造",
          "权属": "京引"
        },
        "photos": [],
        "description": "备注 : |\n桩号（Km+m） : 右5+302|\n启闭机型号 : ￠400闸阀|\n设计流量（m3/s） : 0.7|\n引水渠底高程分水闸底高程（m） : 73.66/74.15|\n进口尺寸（cm） : 1—60x240|\n鉴定及改造情况 : 常年关闭状态   无改造|\n权属 : 京引"
      }
    },
    {
      "type": "Feature",
      "geometry": {
        "type": "Point",
        "coordinates": [
          116.78090482,
          40.41421899
        ]
      },
      "properties": {
        "name": "7号支渠",
        "type": "西田各庄段--分水闸",
        "params": {
          "备注": "",
          "桩号（Km+m）": "5+303",
          "启闭机型号": "机4",
          "设计流量（m3/s）": "0.7",
          "引水渠底高程分水闸底高程（m）": "73.66/74.06",
          "进口尺寸（cm）": "已封堵",
          "鉴定及改造情况": "常年关闭状态   无改造",
          "权属": "京引"
        },
        "photos": [],
        "description": "备注 : |\n桩号（Km+m） : 5+303|\n启闭机型号 : 机4|\n设计流量（m3/s） : 0.7|\n引水渠底高程分水闸底高程（m） : 73.66/74.06|\n进口尺寸（cm） : 已封堵|\n鉴定及改造情况 : 常年关闭状态   无改造|\n权属 : 京引"
      }
    },
    {
      "type": "Feature",
      "geometry": {
        "type": "Point",
        "coordinates": [
          116.77324986,
          40.39970574
        ]
      },
      "properties": {
        "name": "8号支渠",
        "type": "西田各庄段--分水闸",
        "params": {
          "备注": "",
          "桩号（Km+m）": "7+097",
          "启闭机型号": "机4",
          "设计流量（m3/s）": "2.5",
          "引水渠底高程分水闸底高程（m）": "67.63/68.94",
          "进口尺寸（cm）": "1—140x170",
          "鉴定及改造情况": "常年关闭状态   无改造",
          "权属": "京引"
        },
        "photos": [],
        "description": "备注 : |\n桩号（Km+m） : 7+097|\n启闭机型号 : 机4|\n设计流量（m3/s） : 2.5|\n引水渠底高程分水闸底高程（m） : 67.63/68.94|\n进口尺寸（cm） : 1—140x170|\n鉴定及改造情况 : 常年关闭状态   无改造|\n权属 : 京引"
      }
    },
    {
      "type": "Feature",
      "geometry": {
        "type": "Point",
        "coordinates": [
          116.76793504,
          40.39776522
        ]
      },
      "properties": {
        "name": "9号支渠",
        "type": "西田各庄段--分水闸",
        "params": {
          "备注": "",
          "桩号（Km+m）": "7+598",
          "启闭机型号": "机4",
          "设计流量（m3/s）": "7",
          "引水渠底高程分水闸底高程（m）": "67.49/68.14",
          "进口尺寸（cm）": "2—200x250",
          "鉴定及改造情况": "鉴定三类闸  无改造",
          "权属": "京引"
        },
        "photos": [],
        "description": "备注 : |\n桩号（Km+m） : 7+598|\n启闭机型号 : 机4|\n设计流量（m3/s） : 7|\n引水渠底高程分水闸底高程（m） : 67.49/68.14|\n进口尺寸（cm） : 2—200x250|\n鉴定及改造情况 : 鉴定三类闸  无改造|\n权属 : 京引"
      }
    },
    {
      "type": "Feature",
      "geometry": {
        "type": "Point",
        "coordinates": [
          116.76804235,
          40.3980226
        ]
      },
      "properties": {
        "name": "14号支渠",
        "type": "西田各庄段--分水闸",
        "params": {
          "备注": "",
          "桩号（Km+m）": "右7+581",
          "启闭机型号": "机4",
          "设计流量（m3/s）": "0.5",
          "引水渠底高程分水闸底高程（m）": "67.48/68.69",
          "进口尺寸（cm）": "已封堵",
          "鉴定及改造情况": "已封堵      无改造",
          "权属": "京引"
        },
        "photos": [],
        "description": "备注 : |\n桩号（Km+m） : 右7+581|\n启闭机型号 : 机4|\n设计流量（m3/s） : 0.5|\n引水渠底高程分水闸底高程（m） : 67.48/68.69|\n进口尺寸（cm） : 已封堵|\n鉴定及改造情况 : 已封堵      无改造|\n权属 : 京引"
      }
    },
    {
      "type": "Feature",
      "geometry": {
        "type": "Point",
        "coordinates": [
          116.73570831,
          40.39567452
        ]
      },
      "properties": {
        "name": "10号支渠",
        "type": "西田各庄段--分水闸",
        "params": {
          "备注": "",
          "桩号（Km+m）": "10+392",
          "启闭机型号": "￠500闸阀",
          "设计流量（m3/s）": "4.5",
          "引水渠底高程分水闸底高程（m）": "63.55/64.85",
          "进口尺寸（cm）": "1—140x170",
          "鉴定及改造情况": "常年关闭状态   无改造",
          "权属": "京引"
        },
        "photos": [],
        "description": "备注 : |\n桩号（Km+m） : 10+392|\n启闭机型号 : ￠500闸阀|\n设计流量（m3/s） : 4.5|\n引水渠底高程分水闸底高程（m） : 63.55/64.85|\n进口尺寸（cm） : 1—140x170|\n鉴定及改造情况 : 常年关闭状态   无改造|\n权属 : 京引"
      }
    },
    {
      "type": "Feature",
      "geometry": {
        "type": "Point",
        "coordinates": [
          116.73373019,
          40.39588594
        ]
      },
      "properties": {
        "name": "11号支渠",
        "type": "西田各庄段--分水闸",
        "params": {
          "备注": "",
          "桩号（Km+m）": "右10+551",
          "启闭机型号": "￠400闸阀",
          "设计流量（m3/s）": "2.5",
          "引水渠底高程分水闸底高程（m）": "63.58/65.52",
          "进口尺寸（cm）": "1—100x150",
          "鉴定及改造情况": "常年关闭状态   无改造",
          "权属": "京引"
        },
        "photos": [],
        "description": "备注 : |\n桩号（Km+m） : 右10+551|\n启闭机型号 : ￠400闸阀|\n设计流量（m3/s） : 2.5|\n引水渠底高程分水闸底高程（m） : 63.58/65.52|\n进口尺寸（cm） : 1—100x150|\n鉴定及改造情况 : 常年关闭状态   无改造|\n权属 : 京引"
      }
    },
    {
      "type": "Feature",
      "geometry": {
        "type": "Point",
        "coordinates": [
          116.8142029,
          40.45025169
        ]
      },
      "properties": {
        "name": "渠首进水闸桥",
        "type": "西田各庄段--交通桥",
        "params": {
          "备注": "",
          "桩号": "0+000",
          "长（m）": "6",
          "宽（m）": "8.1",
          "设计荷载（T）": "汽8吨",
          "建成时间": "1961",
          "产权单位": "北京市京密引水管理处",
          "单位管理": "北京市京密引水管理处",
          "管理协议": "",
          "纵坡": ""
        },
        "photos": [],
        "description": "备注 : |\n桩号 : 0+000|\n长（m） : 6|\n宽（m） : 8.1|\n设计荷载（T） : 汽8吨|\n建成时间 : 1961|\n产权单位 : 北京市京密引水管理处|\n单位管理 : 北京市京密引水管理处|\n管理协议 : |\n纵坡 :"
      }
    },
    {
      "type": "Feature",
      "geometry": {
        "type": "Point",
        "coordinates": [
          116.81029755,
          40.43705012
        ]
      },
      "properties": {
        "name": "1号跌水公路桥",
        "type": "西田各庄段--交通桥",
        "params": {
          "备注": "",
          "桩号": "1+508",
          "长（m）": "17",
          "宽（m）": "4.25",
          "设计荷载（T）": "公路Ⅱ级",
          "建成时间": "2007",
          "产权单位": "北京市京密引水管理处",
          "单位管理": "北京市京密引水管理处",
          "管理协议": "",
          "纵坡": ""
        },
        "photos": [],
        "description": "备注 : |\n桩号 : 1+508|\n长（m） : 17|\n宽（m） : 4.25|\n设计荷载（T） : 公路Ⅱ级|\n建成时间 : 2007|\n产权单位 : 北京市京密引水管理处|\n单位管理 : 北京市京密引水管理处|\n管理协议 : |\n纵坡 :"
      }
    },
    {
      "type": "Feature",
      "geometry": {
        "type": "Point",
        "coordinates": [
          116.80639159,
          40.43064591
        ]
      },
      "properties": {
        "name": "原西智铁路桥",
        "type": "西田各庄段--交通桥",
        "params": {
          "备注": "",
          "桩号": "2+320",
          "长（m）": "17.4",
          "宽（m）": "3.8",
          "设计荷载（T）": "",
          "建成时间": "",
          "产权单位": "北京市化工建材厂",
          "单位管理": "北京市化工建材厂",
          "管理协议": "有产权证明",
          "纵坡": ""
        },
        "photos": [],
        "description": "备注 : |\n桩号 : 2+320|\n长（m） : 17.4|\n宽（m） : 3.8|\n设计荷载（T） : |\n建成时间 : |\n产权单位 : 北京市化工建材厂|\n单位管理 : 北京市化工建材厂|\n管理协议 : 有产权证明|\n纵坡 :"
      }
    },
    {
      "type": "Feature",
      "geometry": {
        "type": "Point",
        "coordinates": [
          116.79647627,
          40.42763121
        ]
      },
      "properties": {
        "name": "2号跌水公路桥",
        "type": "西田各庄段--交通桥",
        "params": {
          "备注": "",
          "桩号": "2+922",
          "长（m）": "8.5",
          "宽（m）": "9.48",
          "设计荷载（T）": "公路Ⅱ级",
          "建成时间": "2005",
          "产权单位": "密云县西田各庄镇人民政府",
          "单位管理": "密云县西田各庄镇人民政府",
          "管理协议": "有",
          "纵坡": ""
        },
        "photos": [],
        "description": "备注 : |\n桩号 : 2+922|\n长（m） : 8.5|\n宽（m） : 9.48|\n设计荷载（T） : 公路Ⅱ级|\n建成时间 : 2005|\n产权单位 : 密云县西田各庄镇人民政府|\n单位管理 : 密云县西田各庄镇人民政府|\n管理协议 : 有|\n纵坡 :"
      }
    },
    {
      "type": "Feature",
      "geometry": {
        "type": "Point",
        "coordinates": [
          116.7944737,
          40.42542911
        ]
      },
      "properties": {
        "name": "通往密云水库的铁路桥",
        "type": "西田各庄段--交通桥",
        "params": {
          "备注": "",
          "桩号": "3+397",
          "长（m）": "27",
          "宽（m）": "4.9",
          "设计荷载（T）": "",
          "建成时间": "",
          "产权单位": "北京市密云水库管理处",
          "单位管理": "北京市密云水库管理处",
          "管理协议": "有产权证明",
          "纵坡": ""
        },
        "photos": [],
        "description": "备注 : |\n桩号 : 3+397|\n长（m） : 27|\n宽（m） : 4.9|\n设计荷载（T） : |\n建成时间 : |\n产权单位 : 北京市密云水库管理处|\n单位管理 : 北京市密云水库管理处|\n管理协议 : 有产权证明|\n纵坡 :"
      }
    },
    {
      "type": "Feature",
      "geometry": {
        "type": "Point",
        "coordinates": [
          116.78726487,
          40.42242045
        ]
      },
      "properties": {
        "name": "3号跌水公路桥",
        "type": "西田各庄段--交通桥",
        "params": {
          "备注": "",
          "桩号": "4+171",
          "长（m）": "13",
          "宽（m）": "5.7",
          "设计荷载（T）": "公路Ⅱ级",
          "建成时间": "2007",
          "产权单位": "北京市京密引水管理处",
          "单位管理": "北京市京密引水管理处",
          "管理协议": "",
          "纵坡": ""
        },
        "photos": [],
        "description": "备注 : |\n桩号 : 4+171|\n长（m） : 13|\n宽（m） : 5.7|\n设计荷载（T） : 公路Ⅱ级|\n建成时间 : 2007|\n产权单位 : 北京市京密引水管理处|\n单位管理 : 北京市京密引水管理处|\n管理协议 : |\n纵坡 :"
      }
    },
    {
      "type": "Feature",
      "geometry": {
        "type": "Point",
        "coordinates": [
          116.77935838,
          40.4108157
        ]
      },
      "properties": {
        "name": "4号跌水桥",
        "type": "西田各庄段--交通桥",
        "params": {
          "备注": "",
          "桩号": "5+710",
          "长（m）": "11.8",
          "宽（m）": "3.8",
          "设计荷载（T）": "公路Ⅱ级",
          "建成时间": "2007",
          "产权单位": "北京市京密引水管理处",
          "单位管理": "北京市京密引水管理处",
          "管理协议": "",
          "纵坡": ""
        },
        "photos": [],
        "description": "备注 : |\n桩号 : 5+710|\n长（m） : 11.8|\n宽（m） : 3.8|\n设计荷载（T） : 公路Ⅱ级|\n建成时间 : 2007|\n产权单位 : 北京市京密引水管理处|\n单位管理 : 北京市京密引水管理处|\n管理协议 : |\n纵坡 :"
      }
    },
    {
      "type": "Feature",
      "geometry": {
        "type": "Point",
        "coordinates": [
          116.77765753,
          40.40661553
        ]
      },
      "properties": {
        "name": "董各庄公路桥",
        "type": "西田各庄段--交通桥",
        "params": {
          "备注": "",
          "桩号": "6+207",
          "长（m）": "30",
          "宽（m）": "9.7",
          "设计荷载（T）": "公路Ⅱ级",
          "建成时间": "2007",
          "产权单位": "密云县西田各庄镇人民政府",
          "单位管理": "密云县西田各庄镇人民政府",
          "管理协议": "有",
          "纵坡": ""
        },
        "photos": [],
        "description": "备注 : |\n桩号 : 6+207|\n长（m） : 30|\n宽（m） : 9.7|\n设计荷载（T） : 公路Ⅱ级|\n建成时间 : 2007|\n产权单位 : 密云县西田各庄镇人民政府|\n单位管理 : 密云县西田各庄镇人民政府|\n管理协议 : 有|\n纵坡 :"
      }
    },
    {
      "type": "Feature",
      "geometry": {
        "type": "Point",
        "coordinates": [
          116.77205472,
          40.39931319
        ]
      },
      "properties": {
        "name": "西田各庄公路桥",
        "type": "西田各庄段--交通桥",
        "params": {
          "备注": "",
          "桩号": "7+215",
          "长（m）": "30.04",
          "宽（m）": "12",
          "设计荷载（T）": "汽—20,挂—100",
          "建成时间": "2003",
          "产权单位": "北京市路政局密云公路分局",
          "单位管理": "北京市路政局密云公路分局",
          "管理协议": "无",
          "纵坡": ""
        },
        "photos": [],
        "description": "备注 : |\n桩号 : 7+215|\n长（m） : 30.04|\n宽（m） : 12|\n设计荷载（T） : 汽—20,挂—100|\n建成时间 : 2003|\n产权单位 : 北京市路政局密云公路分局|\n单位管理 : 北京市路政局密云公路分局|\n管理协议 : 无|\n纵坡 :"
      }
    },
    {
      "type": "Feature",
      "geometry": {
        "type": "Point",
        "coordinates": [
          116.76725282,
          40.39761041
        ]
      },
      "properties": {
        "name": "5号跌水公路桥",
        "type": "西田各庄段--交通桥",
        "params": {
          "备注": "",
          "桩号": "7+645",
          "长（m）": "17",
          "宽（m）": "5.5",
          "设计荷载（T）": "汽20吨",
          "建成时间": "2007",
          "产权单位": "密云县西田各庄镇人民政府",
          "单位管理": "密云县西田各庄镇人民政府",
          "管理协议": "有",
          "纵坡": ""
        },
        "photos": [],
        "description": "备注 : |\n桩号 : 7+645|\n长（m） : 17|\n宽（m） : 5.5|\n设计荷载（T） : 汽20吨|\n建成时间 : 2007|\n产权单位 : 密云县西田各庄镇人民政府|\n单位管理 : 密云县西田各庄镇人民政府|\n管理协议 : 有|\n纵坡 :"
      }
    },
    {
      "type": "Feature",
      "geometry": {
        "type": "Point",
        "coordinates": [
          116.74975444,
          40.39580586
        ]
      },
      "properties": {
        "name": "仓头桥",
        "type": "西田各庄段--交通桥",
        "params": {
          "备注": "",
          "桩号": "9+188",
          "长（m）": "47.04",
          "宽（m）": "24.5",
          "设计荷载（T）": "公路Ⅱ级",
          "建成时间": "2019",
          "产权单位": "北京市路政局密云公路分局",
          "单位管理": "北京市路政局密云公路分局",
          "管理协议": "无",
          "纵坡": ""
        },
        "photos": [],
        "description": "备注 : |\n桩号 : 9+188|\n长（m） : 47.04|\n宽（m） : 24.5|\n设计荷载（T） : 公路Ⅱ级|\n建成时间 : 2019|\n产权单位 : 北京市路政局密云公路分局|\n单位管理 : 北京市路政局密云公路分局|\n管理协议 : 无|\n纵坡 :"
      }
    },
    {
      "type": "Feature",
      "geometry": {
        "type": "Point",
        "coordinates": [
          116.74175998,
          40.39580733
        ]
      },
      "properties": {
        "name": "仓头西桥",
        "type": "西田各庄段--交通桥",
        "params": {
          "备注": "",
          "桩号": "9+850",
          "长（m）": "30",
          "宽（m）": "9.6",
          "设计荷载（T）": "公路Ⅱ级",
          "建成时间": "2016",
          "产权单位": "北京市京密引水管理处",
          "单位管理": "北京市京密引水管理处",
          "管理协议": "",
          "纵坡": ""
        },
        "photos": [],
        "description": "备注 : |\n桩号 : 9+850|\n长（m） : 30|\n宽（m） : 9.6|\n设计荷载（T） : 公路Ⅱ级|\n建成时间 : 2016|\n产权单位 : 北京市京密引水管理处|\n单位管理 : 北京市京密引水管理处|\n管理协议 : |\n纵坡 :"
      }
    },
    {
      "type": "Feature",
      "geometry": {
        "type": "Point",
        "coordinates": [
          116.73057282,
          40.3957134
        ]
      },
      "properties": {
        "name": "疃里公路桥",
        "type": "西田各庄段--交通桥",
        "params": {
          "备注": "",
          "桩号": "10+822",
          "长（m）": "28",
          "宽（m）": "8.2",
          "设计荷载（T）": "汽—20,挂—100",
          "建成时间": "2004",
          "产权单位": "密云县西田各庄镇人民政府",
          "单位管理": "密云县西田各庄镇人民政府",
          "管理协议": "有",
          "纵坡": ""
        },
        "photos": [],
        "description": "备注 : |\n桩号 : 10+822|\n长（m） : 28|\n宽（m） : 8.2|\n设计荷载（T） : 汽—20,挂—100|\n建成时间 : 2004|\n产权单位 : 密云县西田各庄镇人民政府|\n单位管理 : 密云县西田各庄镇人民政府|\n管理协议 : 有|\n纵坡 :"
      }
    },
    {
      "type": "Feature",
      "geometry": {
        "type": "Point",
        "coordinates": [
          116.76512272,
          40.39680209
        ]
      },
      "properties": {
        "name": "西田各庄村南",
        "type": "西田各庄段--雨水口",
        "params": {
          "备注": "",
          "桩号（Km+m）": "7+850",
          "方涵或管涵尺寸（m）": "1.2*1.13",
          "上游集水面积（m2）": "225000",
          "排水性质": "雨水",
          "有无沉淀设施": "无",
          "封堵（引流）计划": "无"
        },
        "photos": [],
        "description": "备注 : |\n桩号（Km+m） : 7+850|\n方涵或管涵尺寸（m） : 1.2*1.13|\n上游集水面积（m2） : 225000|\n排水性质 : 雨水|\n有无沉淀设施 : 无|\n封堵（引流）计划 : 无"
      }
    },
    {
      "type": "Feature",
      "geometry": {
        "type": "Point",
        "coordinates": [
          116.8142581,
          40.4501496
        ]
      },
      "properties": {
        "name": "龚庄子—沙河倒虹吸入口（引渠）",
        "type": "西田各庄段引渠",
        "params": {},
        "photos": [],
        "description": ""
      }
    },
    {
      "type": "Feature",
      "geometry": {
        "type": "Point",
        "coordinates": [
          116.71868161,
          40.40115801
        ]
      },
      "properties": {
        "name": "沙河倒虹吸",
        "type": "西田各庄段--倒虹吸",
        "params": {},
        "photos": [],
        "description": ""
      }
    },
    {
      "type": "Feature",
      "geometry": {
        "type": "Point",
        "coordinates": [
          116.81350212,
          40.44635204
        ]
      },
      "properties": {
        "name": "龚庄子测流桥",
        "type": "西田各庄段--工作桥",
        "params": {
          "备注": "",
          "Km+m": "0+438",
          "桥梁形式": "钢桥",
          "m": "1—25*1.1",
          "设计荷载": "",
          "修建时间": "2022"
        },
        "photos": [],
        "description": "备注 : |\n桩号\nKm+m : 0+438|\n桥梁形式 : 钢桥|\n引水渠底高程\nm : 82.89|\n规格 跨-宽×高\nm : 1—25*1.1|\n设计荷载 : |\n修建时间 : 2022"
      }
    },
    {
      "type": "Feature",
      "geometry": {
        "type": "Point",
        "coordinates": [
          116.73237037,
          40.39571213
        ]
      },
      "properties": {
        "name": "6号跌水桥",
        "type": "西田各庄段--工作桥",
        "params": {
          "备注": "",
          "Km+m": "10+672",
          "桥梁形式": "混凝土桥",
          "m": "",
          "设计荷载": "",
          "修建时间": ""
        },
        "photos": [],
        "description": "备注 : |\n桩号\nKm+m : 10+672|\n桥梁形式 : 混凝土桥|\n引水渠底高程\nm : |\n规格 跨-宽×高\nm : |\n设计荷载 : |\n修建时间 :"
      }
    },
    {
      "type": "Feature",
      "geometry": {
        "type": "Point",
        "coordinates": [
          116.81429565,
          40.45026083
        ]
      },
      "properties": {
        "name": "渠首跌水",
        "type": "西田各庄段--跌水",
        "params": {
          "备注": "",
          "桩号": "0+000",
          "设计流量（m3/s）": "70",
          "跌差": "3",
          "跌水节制闸维护": "京引"
        },
        "photos": [
          "images/pic_20260609_143655(7699248229029195073).jpg"
        ],
        "description": "备注 : |\n桩号 : 0+000|\n设计流量（m3/s） : 70|\n跌差 : 3|\n跌水节制闸维护 : 京引"
      }
    },
    {
      "type": "Feature",
      "geometry": {
        "type": "Point",
        "coordinates": [
          116.81029785,
          40.43707111
        ]
      },
      "properties": {
        "name": "1#跌水",
        "type": "西田各庄段--跌水",
        "params": {
          "备注": "",
          "桩号": "1+508",
          "设计流量（m3/s）": "70",
          "跌差": "2.5",
          "跌水节制闸维护": "京引"
        },
        "photos": [
          "images/pic_20260609_143837(8860125535114523249).jpg"
        ],
        "description": "备注 : |\n桩号 : 1+508|\n设计流量（m3/s） : 70|\n跌差 : 2.5|\n跌水节制闸维护 : 京引"
      }
    },
    {
      "type": "Feature",
      "geometry": {
        "type": "Point",
        "coordinates": [
          116.80039777,
          40.427795
        ]
      },
      "properties": {
        "name": "2#跌水",
        "type": "西田各庄段--跌水",
        "params": {
          "备注": "",
          "桩号": "2+923",
          "设计流量（m3/s）": "70",
          "跌差": "5.19",
          "跌水节制闸维护": "京引"
        },
        "photos": [
          "images/pic_20260609_143926(6124701695034210867).jpg"
        ],
        "description": "备注 : |\n桩号 : 2+923|\n设计流量（m3/s） : 70|\n跌差 : 5.19|\n跌水节制闸维护 : 京引"
      }
    },
    {
      "type": "Feature",
      "geometry": {
        "type": "Point",
        "coordinates": [
          116.78748701,
          40.42260362
        ]
      },
      "properties": {
        "name": "3#跌水",
        "type": "西田各庄段--跌水",
        "params": {
          "备注": "",
          "桩号": "4+166",
          "设计流量（m3/s）": "70",
          "跌差": "2.2",
          "跌水节制闸维护": "京引"
        },
        "photos": [
          "images/pic_20260609_143942(3839394740596398425).jpg"
        ],
        "description": "备注 : |\n桩号 : 4+166|\n设计流量（m3/s） : 70|\n跌差 : 2.2|\n跌水节制闸维护 : 京引"
      }
    },
    {
      "type": "Feature",
      "geometry": {
        "type": "Point",
        "coordinates": [
          116.77935988,
          40.41087688
        ]
      },
      "properties": {
        "name": "4#跌水",
        "type": "西田各庄段--跌水",
        "params": {
          "备注": "",
          "桩号": "5+699",
          "设计流量（m3/s）": "70",
          "跌差": "7.19",
          "跌水节制闸维护": "京引"
        },
        "photos": [
          "images/pic_20260609_144349(6139857861006554488).jpg"
        ],
        "description": "备注 : |\n桩号 : 5+699|\n设计流量（m3/s） : 70|\n跌差 : 7.19|\n跌水节制闸维护 : 京引"
      }
    },
    {
      "type": "Feature",
      "geometry": {
        "type": "Point",
        "coordinates": [
          116.76736105,
          40.39771619
        ]
      },
      "properties": {
        "name": "5#跌水",
        "type": "西田各庄段--跌水",
        "params": {
          "备注": "",
          "桩号": "7+634",
          "设计流量（m3/s）": "70",
          "跌差": "3.2",
          "跌水节制闸维护": "京引"
        },
        "photos": [
          "images/pic_20260609_144429(6252118867896414526).jpg"
        ],
        "description": "备注 : |\n桩号 : 7+634|\n设计流量（m3/s） : 70|\n跌差 : 3.2|\n跌水节制闸维护 : 京引"
      }
    },
    {
      "type": "Feature",
      "geometry": {
        "type": "Point",
        "coordinates": [
          116.7324132,
          40.3957838
        ]
      },
      "properties": {
        "name": "6#跌水",
        "type": "西田各庄段--跌水",
        "params": {
          "备注": "",
          "桩号": "10+672",
          "设计流量（m3/s）": "70",
          "跌差": "4.95",
          "跌水节制闸维护": "京引"
        },
        "photos": [],
        "description": "备注 : |\n桩号 : 10+672|\n设计流量（m3/s） : 70|\n跌差 : 4.95|\n跌水节制闸维护 : 京引"
      }
    },
    {
      "type": "Feature",
      "geometry": {
        "type": "Point",
        "coordinates": [
          116.67543501,
          40.37947674
        ]
      },
      "properties": {
        "name": "规划一路穿渠建桥工程",
        "type": "理范围内平行",
        "params": {
          "备注": "",
          "所属项目名称": "规划一路穿渠建桥工程",
          "材质/管径": "混凝土",
          "类型": "理范围内平行",
          "埋深(m)": "",
          "桩号": ""
        },
        "photos": [],
        "description": "备注 : |\n所属项目名称 : 规划一路穿渠建桥工程|\n材质/管径 : 混凝土|\n类型 : 理范围内平行|\n埋深(m) : |\n桩号 :"
      }
    },
    {
      "type": "Feature",
      "geometry": {
        "type": "Point",
        "coordinates": [
          116.67543501,
          40.37947674
        ]
      },
      "properties": {
        "name": "规划一路供热管线",
        "type": "下穿",
        "params": {
          "备注": "",
          "所属项目名称": "规划一路供热管线",
          "材质/管径": "",
          "类型": "下穿",
          "埋深(m)": "",
          "桩号": ""
        },
        "photos": [],
        "description": "备注 : |\n所属项目名称 : 规划一路供热管线|\n材质/管径 : |\n类型 : 下穿|\n埋深(m) : |\n桩号 :"
      }
    },
    {
      "type": "Feature",
      "geometry": {
        "type": "Point",
        "coordinates": [
          116.70467243,
          40.39511991
        ]
      },
      "properties": {
        "name": "东流水东分水闸",
        "type": "北台上管理所--分水闸",
        "params": {
          "备注": "",
          "桩号(Km+m)": "左13+490",
          "启闭机型号": "机4",
          "设计流量(m3/s)": "6.0",
          "引水渠底高程分水闸底高程(m)": "59.44/59.96",
          "进口尺寸(cm)": "1-Φ150",
          "鉴定及改造情况": "",
          "权属": "京引",
          "所涉河流": ""
        },
        "photos": [],
        "description": "备注 : |\n桩号(Km+m) : 左13+490|\n启闭机型号 : 机4|\n设计流量(m3/s) : 6.0|\n引水渠底高程分水闸底高程(m) : 59.44/59.96|\n进口尺寸(cm) : 1-Φ150|\n鉴定及改造情况 : |\n权属 : 京引|\n所涉河流 :"
      }
    },
    {
      "type": "Feature",
      "geometry": {
        "type": "Point",
        "coordinates": [
          116.69730573,
          40.38966145
        ]
      },
      "properties": {
        "name": "东流水南分水闸",
        "type": "北台上管理所--分水闸",
        "params": {
          "备注": "",
          "桩号(Km+m)": "14+376",
          "启闭机型号": "机4",
          "设计流量(m3/s)": "2.5",
          "引水渠底高程分水闸底高程(m)": "59.20/59.20",
          "进口尺寸(cm)": "1-Φ125",
          "鉴定及改造情况": "2022年7月更换蝶阀",
          "权属": "京引",
          "所涉河流": ""
        },
        "photos": [],
        "description": "备注 : |\n桩号(Km+m) : 14+376|\n启闭机型号 : 机4|\n设计流量(m3/s) : 2.5|\n引水渠底高程分水闸底高程(m) : 59.20/59.20|\n进口尺寸(cm) : 1-Φ125|\n鉴定及改造情况 : 2022年7月更换蝶阀|\n权属 : 京引|\n所涉河流 :"
      }
    },
    {
      "type": "Feature",
      "geometry": {
        "type": "Point",
        "coordinates": [
          116.68691888,
          40.38546108
        ]
      },
      "properties": {
        "name": "西流水南分水闸",
        "type": "北台上管理所--分水闸",
        "params": {
          "备注": "",
          "桩号(Km+m)": "15+385",
          "启闭机型号": "机4      LQC-300",
          "设计流量(m3/s)": "2.0",
          "引水渠底高程分水闸底高程(m)": "58.97/59.14",
          "进口尺寸(cm)": "1-Φ100",
          "鉴定及改造情况": "无",
          "权属": "京引",
          "所涉河流": ""
        },
        "photos": [],
        "description": "备注 : |\n桩号(Km+m) : 15+385|\n启闭机型号 : 机4      LQC-300|\n设计流量(m3/s) : 2.0|\n引水渠底高程分水闸底高程(m) : 58.97/59.14|\n进口尺寸(cm) : 1-Φ100|\n鉴定及改造情况 : 无|\n权属 : 京引|\n所涉河流 :"
      }
    },
    {
      "type": "Feature",
      "geometry": {
        "type": "Point",
        "coordinates": [
          116.67119846,
          40.37907524
        ]
      },
      "properties": {
        "name": "北台上分水闸",
        "type": "北台上管理所--分水闸",
        "params": {
          "备注": "",
          "桩号(Km+m)": "16+976",
          "启闭机型号": "启闭机为LQ-12T手电两用螺杆式（设计图纸），启闭力120KN（说明书）",
          "设计流量(m3/s)": "6.0",
          "引水渠底高程分水闸底高程(m)": "58.52/58.72",
          "进口尺寸(cm)": "1-Φ150",
          "鉴定及改造情况": "2022年12月浆砌石抹面勾缝",
          "权属": "京引",
          "所涉河流": ""
        },
        "photos": [],
        "description": "备注 : |\n桩号(Km+m) : 16+976|\n启闭机型号 : 启闭机为LQ-12T手电两用螺杆式（设计图纸），启闭力120KN（说明书）|\n设计流量(m3/s) : 6.0|\n引水渠底高程分水闸底高程(m) : 58.52/58.72|\n进口尺寸(cm) : 1-Φ150|\n鉴定及改造情况 : 2022年12月浆砌石抹面勾缝|\n权属 : 京引|\n所涉河流 :"
      }
    },
    {
      "type": "Feature",
      "geometry": {
        "type": "Point",
        "coordinates": [
          116.62128657,
          40.34821832
        ]
      },
      "properties": {
        "name": "西望山侧堰",
        "type": "北台上管理所--分水闸",
        "params": {
          "备注": "",
          "桩号(Km+m)": "23+617",
          "启闭机型号": "",
          "设计流量(m3/s)": "56.0",
          "引水渠底高程分水闸底高程(m)": "57.0/59.0",
          "进口尺寸(cm)": "4-4*1.6(原)",
          "鉴定及改造情况": "2022年12月除锈防腐、裂纹处理及剥蚀",
          "权属": "京引",
          "所涉河流": ""
        },
        "photos": [],
        "description": "备注 : |\n桩号(Km+m) : 23+617|\n启闭机型号 : |\n设计流量(m3/s) : 56.0|\n引水渠底高程分水闸底高程(m) : 57.0/59.0|\n进口尺寸(cm) : 4-4*1.6(原)|\n鉴定及改造情况 : 2022年12月除锈防腐、裂纹处理及剥蚀|\n权属 : 京引|\n所涉河流 :"
      }
    },
    {
      "type": "Feature",
      "geometry": {
        "type": "Point",
        "coordinates": [
          116.69764638,
          40.389878
        ]
      },
      "properties": {
        "name": "东流水1涵洞",
        "type": "北台上管理所--过渠涵洞",
        "params": {
          "备注": "",
          "桩号(Km+m)": "14+338",
          "洞身长度(m)": "44",
          "设计流量(m3/s)": "25.5",
          "校核流量(m3/s)": "",
          "进口高程(m)": "56.56",
          "出口高程(m)": "56.18",
          "断面尺寸(孔-宽*高m)": "3-1.7*2.5",
          "运行情况": "良好",
          "所涉河流": ""
        },
        "photos": [],
        "description": "备注 : |\n桩号(Km+m) : 14+338|\n洞身长度(m) : 44|\n设计流量(m3/s) : 25.5|\n校核流量(m3/s) : |\n进口高程(m) : 56.56|\n出口高程(m) : 56.18|\n断面尺寸(孔-宽*高m) : 3-1.7*2.5|\n运行情况 : 良好|\n所涉河流 :"
      }
    },
    {
      "type": "Feature",
      "geometry": {
        "type": "Point",
        "coordinates": [
          116.69297129,
          40.38751227
        ]
      },
      "properties": {
        "name": "东流水2涵洞",
        "type": "北台上管理所--过渠涵洞",
        "params": {
          "备注": "",
          "桩号(Km+m)": "14+819",
          "洞身长度(m)": "60",
          "设计流量(m3/s)": "已填",
          "校核流量(m3/s)": "",
          "进口高程(m)": "56.66",
          "出口高程(m)": "56.18",
          "断面尺寸(孔-宽*高m)": "1-Φ1.0",
          "运行情况": "已改造",
          "所涉河流": ""
        },
        "photos": [],
        "description": "备注 : |\n桩号(Km+m) : 14+819|\n洞身长度(m) : 60|\n设计流量(m3/s) : 已填|\n校核流量(m3/s) : |\n进口高程(m) : 56.66|\n出口高程(m) : 56.18|\n断面尺寸(孔-宽*高m) : 1-Φ1.0|\n运行情况 : 已改造|\n所涉河流 :"
      }
    },
    {
      "type": "Feature",
      "geometry": {
        "type": "Point",
        "coordinates": [
          116.68650448,
          40.38534463
        ]
      },
      "properties": {
        "name": "西流水1涵洞",
        "type": "北台上管理所--过渠涵洞",
        "params": {
          "备注": "",
          "桩号(Km+m)": "15+417",
          "洞身长度(m)": "40",
          "设计流量(m3/s)": "10",
          "校核流量(m3/s)": "",
          "进口高程(m)": "56.53",
          "出口高程(m)": "56.13",
          "断面尺寸(孔-宽*高m)": "2-Φ1.5",
          "运行情况": "良好",
          "所涉河流": ""
        },
        "photos": [],
        "description": "备注 : |\n桩号(Km+m) : 15+417|\n洞身长度(m) : 40|\n设计流量(m3/s) : 10|\n校核流量(m3/s) : |\n进口高程(m) : 56.53|\n出口高程(m) : 56.13|\n断面尺寸(孔-宽*高m) : 2-Φ1.5|\n运行情况 : 良好|\n所涉河流 :"
      }
    },
    {
      "type": "Feature",
      "geometry": {
        "type": "Point",
        "coordinates": [
          116.68133319,
          40.38380823
        ]
      },
      "properties": {
        "name": "西流水西涵洞",
        "type": "北台上管理所--过渠涵洞",
        "params": {
          "备注": "",
          "桩号(Km+m)": "15+906",
          "洞身长度(m)": "40",
          "设计流量(m3/s)": "14.6",
          "校核流量(m3/s)": "",
          "进口高程(m)": "56.41",
          "出口高程(m)": "56.01",
          "断面尺寸(孔-宽*高m)": "2-Φ1.5",
          "运行情况": "良好",
          "所涉河流": ""
        },
        "photos": [],
        "description": "备注 : |\n桩号(Km+m) : 15+906|\n洞身长度(m) : 40|\n设计流量(m3/s) : 14.6|\n校核流量(m3/s) : |\n进口高程(m) : 56.41|\n出口高程(m) : 56.01|\n断面尺寸(孔-宽*高m) : 2-Φ1.5|\n运行情况 : 良好|\n所涉河流 :"
      }
    },
    {
      "type": "Feature",
      "geometry": {
        "type": "Point",
        "coordinates": [
          116.65911913,
          40.37160985
        ]
      },
      "properties": {
        "name": "范各庄涵洞",
        "type": "北台上管理所--过渠涵洞",
        "params": {
          "备注": "",
          "桩号(Km+m)": "18+452",
          "洞身长度(m)": "43",
          "设计流量(m3/s)": "22.6",
          "校核流量(m3/s)": "",
          "进口高程(m)": "54.89",
          "出口高程(m)": "54.46",
          "断面尺寸(孔-宽*高m)": "3-3*2",
          "运行情况": "良好",
          "所涉河流": ""
        },
        "photos": [],
        "description": "备注 : |\n桩号(Km+m) : 18+452|\n洞身长度(m) : 43|\n设计流量(m3/s) : 22.6|\n校核流量(m3/s) : |\n进口高程(m) : 54.89|\n出口高程(m) : 54.46|\n断面尺寸(孔-宽*高m) : 3-3*2|\n运行情况 : 良好|\n所涉河流 :"
      }
    },
    {
      "type": "Feature",
      "geometry": {
        "type": "Point",
        "coordinates": [
          116.63924396,
          40.35621261
        ]
      },
      "properties": {
        "name": "寨北沟涵洞",
        "type": "北台上管理所--过渠涵洞",
        "params": {
          "备注": "",
          "桩号(Km+m)": "21+108",
          "洞身长度(m)": "46",
          "设计流量(m3/s)": "22.6",
          "校核流量(m3/s)": "",
          "进口高程(m)": "55.02",
          "出口高程(m)": "54.56",
          "断面尺寸(孔-宽*高m)": "1-Φ1.5",
          "运行情况": "良好",
          "所涉河流": ""
        },
        "photos": [],
        "description": "备注 : |\n桩号(Km+m) : 21+108|\n洞身长度(m) : 46|\n设计流量(m3/s) : 22.6|\n校核流量(m3/s) : |\n进口高程(m) : 55.02|\n出口高程(m) : 54.56|\n断面尺寸(孔-宽*高m) : 1-Φ1.5|\n运行情况 : 良好|\n所涉河流 :"
      }
    },
    {
      "type": "Feature",
      "geometry": {
        "type": "Point",
        "coordinates": [
          116.63117856,
          40.35625554
        ]
      },
      "properties": {
        "name": "刘各长涵洞",
        "type": "北台上管理所--过渠涵洞",
        "params": {
          "备注": "",
          "桩号(Km+m)": "21+828",
          "洞身长度(m)": "46",
          "设计流量(m3/s)": "121",
          "校核流量(m3/s)": "",
          "进口高程(m)": "53.05",
          "出口高程(m)": "52.59",
          "断面尺寸(孔-宽*高m)": "2-3*3",
          "运行情况": "良好",
          "所涉河流": ""
        },
        "photos": [],
        "description": "备注 : |\n桩号(Km+m) : 21+828|\n洞身长度(m) : 46|\n设计流量(m3/s) : 121|\n校核流量(m3/s) : |\n进口高程(m) : 53.05|\n出口高程(m) : 52.59|\n断面尺寸(孔-宽*高m) : 2-3*3|\n运行情况 : 良好|\n所涉河流 :"
      }
    },
    {
      "type": "Feature",
      "geometry": {
        "type": "Point",
        "coordinates": [
          116.62121951,
          40.34789943
        ]
      },
      "properties": {
        "name": "西望山涵洞",
        "type": "北台上管理所--过渠涵洞",
        "params": {
          "备注": "",
          "桩号(Km+m)": "23+633",
          "洞身长度(m)": "42",
          "设计流量(m3/s)": "20",
          "校核流量(m3/s)": "",
          "进口高程(m)": "54.53",
          "出口高程(m)": "54.11",
          "断面尺寸(孔-宽*高m)": "3-Φ1.5",
          "运行情况": "良好",
          "所涉河流": ""
        },
        "photos": [],
        "description": "备注 : |\n桩号(Km+m) : 23+633|\n洞身长度(m) : 42|\n设计流量(m3/s) : 20|\n校核流量(m3/s) : |\n进口高程(m) : 54.53|\n出口高程(m) : 54.11|\n断面尺寸(孔-宽*高m) : 3-Φ1.5|\n运行情况 : 良好|\n所涉河流 :"
      }
    },
    {
      "type": "Feature",
      "geometry": {
        "type": "Point",
        "coordinates": [
          116.69803261,
          40.39013541
        ]
      },
      "properties": {
        "name": "东流水公路桥",
        "type": "北台上管理所--交通桥",
        "params": {
          "备注": "",
          "桩号": "14+297",
          "长(m)": "24.0",
          "宽(m)": "8.2",
          "设计荷载": "汽-20",
          "建成时间": "04年翻建",
          "产权单位": "北京市京密引水管理处",
          "结构形式": "T梁"
        },
        "photos": [],
        "description": "备注 : |\n桩号 : 14+297|\n长(m) : 24.0|\n宽(m) : 8.2|\n设计荷载 : 汽-20\n挂-100|\n建成时间 : 04年翻建|\n产权单位 : 北京市京密引水管理处|\n结构形式 : T梁"
      }
    },
    {
      "type": "Feature",
      "geometry": {
        "type": "Point",
        "coordinates": [
          116.68435604,
          40.3846316
        ]
      },
      "properties": {
        "name": "西流水交通桥",
        "type": "北台上管理所--交通桥",
        "params": {
          "备注": "",
          "桩号": "15+616",
          "长(m)": "24.0",
          "宽(m)": "9.6",
          "设计荷载": "公路II级",
          "建成时间": "2016年翻建",
          "产权单位": "北京市京密引水管理处",
          "结构形式": "T梁"
        },
        "photos": [],
        "description": "备注 : |\n桩号 : 15+616|\n长(m) : 24.0|\n宽(m) : 9.6|\n设计荷载 : 公路II级|\n建成时间 : 2016年翻建|\n产权单位 : 北京市京密引水管理处|\n结构形式 : T梁"
      }
    },
    {
      "type": "Feature",
      "geometry": {
        "type": "Point",
        "coordinates": [
          116.68219417,
          40.38442934
        ]
      },
      "properties": {
        "name": "西流水公路桥",
        "type": "北台上管理所--交通桥",
        "params": {
          "备注": "",
          "桩号": "15+810",
          "长(m)": "29.37",
          "宽(m)": "42.0",
          "设计荷载": "50T",
          "建成时间": "07年翻建",
          "产权单位": "市政管委",
          "结构形式": "板梁"
        },
        "photos": [],
        "description": "备注 : |\n桩号 : 15+810|\n长(m) : 29.37|\n宽(m) : 42.0|\n设计荷载 : 50T|\n建成时间 : 07年翻建|\n产权单位 : 市政管委|\n结构形式 : 板梁"
      }
    },
    {
      "type": "Feature",
      "geometry": {
        "type": "Point",
        "coordinates": [
          116.67326241,
          40.37885355
        ]
      },
      "properties": {
        "name": "北台上公路桥",
        "type": "北台上管理所--交通桥",
        "params": {
          "备注": "",
          "桩号": "16+812",
          "长(m)": "24.0",
          "宽(m)": "9.52",
          "设计荷载": "公路Ⅱ级",
          "建成时间": "",
          "产权单位": "雁栖镇",
          "结构形式": "钢筋砼空心板"
        },
        "photos": [],
        "description": "备注 : |\n桩号 : 16+812|\n长(m) : 24.0|\n宽(m) : 9.52|\n设计荷载 : 公路Ⅱ级|\n建成时间 : |\n产权单位 : 雁栖镇|\n结构形式 : 钢筋砼空心板"
      }
    },
    {
      "type": "Feature",
      "geometry": {
        "type": "Point",
        "coordinates": [
          116.6571343,
          40.37150359
        ]
      },
      "properties": {
        "name": "范各庄公路桥",
        "type": "北台上管理所--交通桥",
        "params": {
          "备注": "",
          "桩号": "18+623",
          "长(m)": "",
          "宽(m)": "",
          "设计荷载": "公路Ⅱ级",
          "建成时间": "07年翻建",
          "产权单位": "",
          "结构形式": "板梁"
        },
        "photos": [],
        "description": "备注 : |\n桩号 : 18+623|\n长(m) : |\n宽(m) : |\n设计荷载 : 公路Ⅱ级|\n建成时间 : 07年翻建|\n产权单位 : |\n结构形式 : 板梁"
      }
    },
    {
      "type": "Feature",
      "geometry": {
        "type": "Point",
        "coordinates": [
          116.65094644,
          40.36815018
        ]
      },
      "properties": {
        "name": "衡王坟公路桥",
        "type": "北台上管理所--交通桥",
        "params": {
          "备注": "",
          "桩号": "19+292",
          "长(m)": "36.0",
          "宽(m)": "7.05",
          "设计荷载": "汽-15T",
          "建成时间": "",
          "产权单位": "公路局",
          "结构形式": "拱桥"
        },
        "photos": [],
        "description": "备注 : |\n桩号 : 19+292|\n长(m) : 36.0|\n宽(m) : 7.05|\n设计荷载 : 汽-15T|\n建成时间 : |\n产权单位 : 公路局|\n结构形式 : 拱桥"
      }
    },
    {
      "type": "Feature",
      "geometry": {
        "type": "Point",
        "coordinates": [
          116.64571881,
          40.35850791
        ]
      },
      "properties": {
        "name": "下庄交通桥",
        "type": "北台上管理所--交通桥",
        "params": {
          "备注": "",
          "桩号": "20+456",
          "长(m)": "24.0",
          "宽(m)": "8.0",
          "设计荷载": "公路Ⅱ级",
          "建成时间": "2016年翻建",
          "产权单位": "北京市京密引水管理处",
          "结构形式": "T梁"
        },
        "photos": [],
        "description": "备注 : |\n桩号 : 20+456|\n长(m) : 24.0|\n宽(m) : 8.0|\n设计荷载 : 公路Ⅱ级|\n建成时间 : 2016年翻建|\n产权单位 : 北京市京密引水管理处|\n结构形式 : T梁"
      }
    },
    {
      "type": "Feature",
      "geometry": {
        "type": "Point",
        "coordinates": [
          116.6422534,
          40.35659892
        ]
      },
      "properties": {
        "name": "下庄铁路桥",
        "type": "北台上管理所--交通桥",
        "params": {
          "备注": "",
          "桩号": "20+875",
          "长(m)": "30.0",
          "宽(m)": "5.0",
          "设计荷载": "",
          "建成时间": "",
          "产权单位": "铁路局",
          "结构形式": "I梁"
        },
        "photos": [],
        "description": "备注 : |\n桩号 : 20+875|\n长(m) : 30.0|\n宽(m) : 5.0|\n设计荷载 : |\n建成时间 : |\n产权单位 : 铁路局|\n结构形式 : I梁"
      }
    },
    {
      "type": "Feature",
      "geometry": {
        "type": "Point",
        "coordinates": [
          116.63855731,
          40.356137
        ]
      },
      "properties": {
        "name": "红螺寺桥1",
        "type": "北台上管理所--交通桥",
        "params": {
          "备注": "",
          "桩号": "21+187",
          "长(m)": "24.0",
          "宽(m)": "9.52",
          "设计荷载": "公路Ⅱ级",
          "建成时间": "06年翻建",
          "产权单位": "怀柔镇（2023.5.4电话确认）",
          "结构形式": "T梁"
        },
        "photos": [],
        "description": "备注 : |\n桩号 : 21+187|\n长(m) : 24.0|\n宽(m) : 9.52|\n设计荷载 : 公路Ⅱ级|\n建成时间 : 06年翻建|\n产权单位 : 怀柔镇（2023.5.4电话确认）|\n结构形式 : T梁"
      }
    },
    {
      "type": "Feature",
      "geometry": {
        "type": "Point",
        "coordinates": [
          116.6376172,
          40.35596633
        ]
      },
      "properties": {
        "name": "红螺寺铁路桥",
        "type": "北台上管理所--交通桥",
        "params": {
          "备注": "",
          "桩号": "21+267",
          "长(m)": "18.0",
          "宽(m)": "3.0",
          "设计荷载": "",
          "建成时间": "",
          "产权单位": "部队",
          "结构形式": "I梁"
        },
        "photos": [],
        "description": "备注 : |\n桩号 : 21+267|\n长(m) : 18.0|\n宽(m) : 3.0|\n设计荷载 : |\n建成时间 : |\n产权单位 : 部队|\n结构形式 : I梁"
      }
    },
    {
      "type": "Feature",
      "geometry": {
        "type": "Point",
        "coordinates": [
          116.62836089,
          40.35653249
        ]
      },
      "properties": {
        "name": "刘各长大车桥",
        "type": "北台上管理所--交通桥",
        "params": {
          "备注": "",
          "桩号": "22+071",
          "长(m)": "24.0",
          "宽(m)": "9.7",
          "设计荷载": "6T",
          "建成时间": "2013年翻建",
          "产权单位": "北京市京密引水管理处",
          "结构形式": "T梁"
        },
        "photos": [],
        "description": "备注 : |\n桩号 : 22+071|\n长(m) : 24.0|\n宽(m) : 9.7|\n设计荷载 : 6T|\n建成时间 : 2013年翻建|\n产权单位 : 北京市京密引水管理处|\n结构形式 : T梁"
      }
    },
    {
      "type": "Feature",
      "geometry": {
        "type": "Point",
        "coordinates": [
          116.62281007,
          40.35487792
        ]
      },
      "properties": {
        "name": "红螺寺桥2",
        "type": "北台上管理所--交通桥",
        "params": {
          "备注": "",
          "桩号": "22+861",
          "长(m)": "40.0",
          "宽(m)": "16.7",
          "设计荷载": "汽-20",
          "建成时间": "06年翻建",
          "产权单位": "公路局",
          "结构形式": "T梁"
        },
        "photos": [],
        "description": "备注 : |\n桩号 : 22+861|\n长(m) : 40.0|\n宽(m) : 16.7|\n设计荷载 : 汽-20|\n建成时间 : 06年翻建|\n产权单位 : 公路局|\n结构形式 : T梁"
      }
    },
    {
      "type": "Feature",
      "geometry": {
        "type": "Point",
        "coordinates": [
          116.669164,
          40.37871665
        ]
      },
      "properties": {
        "name": "北台上倒虹吸出口节制闸",
        "type": "北台上管理所--节制闸",
        "params": {
          "备注": "",
          "桩号(Km+m)": "17+175",
          "设计流量(m3/s)": "60",
          "闸槛高程(m)": "57.27",
          "闸门结构形式": "平板钢闸门",
          "闸门规格(孔_宽*高m)": "2—5×3.8",
          "启闭形式": "卷扬式",
          "启闭机型号": "QP-2*50-8",
          "鉴定及改造情况": "2019年12月安装金属护栏、2021年3月更换止水、2022年7月防腐及更换止水"
        },
        "photos": [],
        "description": "备注 : |\n桩号(Km+m) : 17+175|\n设计流量(m3/s) : 60|\n闸槛高程(m) : 57.27|\n闸门结构形式 : 平板钢闸门|\n闸门规格(孔_宽*高m) : 2—5×3.8|\n启闭形式 : 卷扬式|\n启闭机型号 : QP-2*50-8|\n鉴定及改造情况 : 2019年12月安装金属护栏、2021年3月更换止水、2022年7月防腐及更换止水"
      }
    },
    {
      "type": "Feature",
      "geometry": {
        "type": "Point",
        "coordinates": [
          116.67038709,
          40.3790354
        ]
      },
      "properties": {
        "name": "北台上进水闸",
        "type": "北台上管理所--进水闸",
        "params": {
          "备注": "",
          "桩号(Km+m)": "17+062",
          "设计流量(m3/s)": "40",
          "闸槛高程(m)": "57.38",
          "闸门结构形式": "平板钢闸门",
          "启闭机型号": "QL-150-SD",
          "启闭形式": "螺杆式",
          "闸门规格(孔—宽*高m)": "2—3.0*3.5",
          "启闭机数量": "2",
          "鉴定及改造情况": "2019年4月更换外墙面、2023年5月更换启闭机油封及防腐"
        },
        "photos": [],
        "description": "备注 : |\n桩号(Km+m) : 17+062|\n设计流量(m3/s) : 40|\n闸槛高程(m) : 57.38|\n闸门结构形式 : 平板钢闸门|\n启闭机型号 : QL-150-SD|\n启闭形式 : 螺杆式|\n闸门规格(孔—宽*高m) : 2—3.0*3.5|\n启闭机数量 : 2|\n鉴定及改造情况 : 2019年4月更换外墙面、2023年5月更换启闭机油封及防腐"
      }
    },
    {
      "type": "Feature",
      "geometry": {
        "type": "Point",
        "coordinates": [
          116.66852027,
          40.37855114
        ]
      },
      "properties": {
        "name": "雁栖河泄洪闸",
        "type": "北台上管理所--泄洪闸",
        "params": {
          "备注": "",
          "桩号(Km+m)": "17+224",
          "设计流量(m3/s)": "60",
          "校核流量(m3/s)": "70",
          "设计水位(m)": "61.78",
          "闸槛高程(m)": "58",
          "闸门重量(t)": "12.1",
          "启闭机型号": "QHQ2×80",
          "闸门规格(孔-宽*高m)": "1—6*4.4",
          "鉴定及改造情况": "鉴定二类闸，2019年3月更换钢丝绳、2019年4月更换墙面及门窗电线钢架、2020年11月更换止水及控制柜开度编码器限位器、2022年9月更换开度尺"
        },
        "photos": [],
        "description": "备注 : |\n桩号(Km+m) : 17+224|\n设计流量(m3/s) : 60|\n校核流量(m3/s) : 70|\n设计水位(m) : 61.78|\n闸槛高程(m) : 58|\n闸门重量(t) : 12.1|\n启闭机型号 : QHQ2×80|\n闸门规格(孔-宽*高m) : 1—6*4.4|\n鉴定及改造情况 : 鉴定二类闸，2019年3月更换钢丝绳、2019年4月更换墙面及门窗电线钢架、2020年11月更换止水及控制柜开度编码器限位器、2022年9月更换开度尺"
      }
    },
    {
      "type": "Feature",
      "geometry": {
        "type": "Point",
        "coordinates": [
          116.70455575,
          40.39508008
        ]
      },
      "properties": {
        "name": "东庄雨洪口",
        "type": "北台上管理所--雨水口",
        "params": {
          "备注": "",
          "桩号(Km+m)": "13+500",
          "方涵或管涵尺寸(m)": "1.4*2.5m",
          "上游集水面积(m2)": "4500000.0",
          "排水性质": "雨水",
          "有无沉淀设施": "无",
          "封堵(引流)计划": "无",
          "所涉河流": ""
        },
        "photos": [],
        "description": "备注 : |\n桩号(Km+m) : 13+500|\n方涵或管涵尺寸(m) : 1.4*2.5m|\n上游集水面积(m2) : 4500000.0|\n排水性质 : 雨水|\n有无沉淀设施 : 无|\n封堵(引流)计划 : 无|\n所涉河流 :"
      }
    },
    {
      "type": "Feature",
      "geometry": {
        "type": "Point",
        "coordinates": [
          116.62149293,
          40.336104
        ]
      },
      "properties": {
        "name": "水库进水闸测流桥",
        "type": "怀柔水库所--工作桥",
        "params": {
          "备注": "",
          "桩号(Km+m)": "24+620",
          "桥梁形式": "钢桥",
          "引水渠底高程(m)": "56.67",
          "规格 跨-宽×高": "1*21.3",
          "设计荷载": "",
          "修建时间": ""
        },
        "photos": [],
        "description": "备注 : |\n桩号(Km+m) : 24+620|\n桥梁形式 : 钢桥|\n引水渠底高程(m) : 56.67|\n规格 跨-宽×高 : 1*21.3|\n设计荷载 : |\n修建时间 :"
      }
    },
    {
      "type": "Feature",
      "geometry": {
        "type": "Point",
        "coordinates": [
          116.59955397,
          40.30032061
        ]
      },
      "properties": {
        "name": "峰山口测流桥",
        "type": "怀柔水库所--工作桥",
        "params": {
          "备注": "",
          "桩号(Km+m)": "29+260",
          "桥梁形式": "钢桥",
          "引水渠底高程(m)": "54.55",
          "规格 跨-宽×高": "1*24",
          "设计荷载": "",
          "修建时间": ""
        },
        "photos": [],
        "description": "备注 : |\n桩号(Km+m) : 29+260|\n桥梁形式 : 钢桥|\n引水渠底高程(m) : 54.55|\n规格 跨-宽×高 : 1*24|\n设计荷载 : |\n修建时间 :"
      }
    },
    {
      "type": "Feature",
      "geometry": {
        "type": "Point",
        "coordinates": [
          116.61352158,
          40.30224552
        ]
      },
      "properties": {
        "name": "隧洞出口测流桥",
        "type": "怀柔水库所--工作桥",
        "params": {
          "备注": "",
          "桩号(Km+m)": "",
          "桥梁形式": "钢桥",
          "引水渠底高程(m)": "52.54",
          "规格 跨-宽×高": "1*16.1",
          "设计荷载": "",
          "修建时间": ""
        },
        "photos": [],
        "description": "备注 : |\n桩号(Km+m) : |\n桥梁形式 : 钢桥|\n引水渠底高程(m) : 52.54|\n规格 跨-宽×高 : 1*16.1|\n设计荷载 : |\n修建时间 :"
      }
    },
    {
      "type": "Feature",
      "geometry": {
        "type": "Point",
        "coordinates": [
          116.60116196,
          40.30323148
        ]
      },
      "properties": {
        "name": "峰山口防洪闸",
        "type": "怀柔水库所--节制闸",
        "params": {
          "备注": "",
          "桩号(Km+m)": "28+950",
          "设计流量(m3/s)": "40",
          "闸槛高程(m)": "54.5",
          "闸门结构形式": "平板钢闸门",
          "闸门规格(孔_宽*高m)": "2-3.4*5.2",
          "启闭形式": "卷扬式",
          "启闭机型号": "QP1*40-9",
          "鉴定及改造情况": ""
        },
        "photos": [],
        "description": "备注 : |\n桩号(Km+m) : 28+950|\n设计流量(m3/s) : 40|\n闸槛高程(m) : 54.5|\n闸门结构形式 : 平板钢闸门|\n闸门规格(孔_宽*高m) : 2-3.4*5.2|\n启闭形式 : 卷扬式|\n启闭机型号 : QP1*40-9|\n鉴定及改造情况 :"
      }
    },
    {
      "type": "Feature",
      "geometry": {
        "type": "Point",
        "coordinates": [
          116.61939293,
          40.33310404
        ]
      },
      "properties": {
        "name": "怀柔水库进水闸",
        "type": "怀柔水库所--进水闸 部分缺少经纬度",
        "params": {
          "备注": "",
          "桩号(Km+m)": "25+235",
          "设计流量(m3/s)": "60",
          "闸槛高程(m)": "56.5",
          "闸门结构形式": "平板钢闸门",
          "启闭机型号": "QP-2*100-8",
          "启闭形式": "卷扬式",
          "闸门规格(孔—宽*高m)": "2—5*3",
          "启闭机数量": "2",
          "鉴定及改造情况": "工程质量评为基本合格。金属结构基本安全，评为B级"
        },
        "photos": [],
        "description": "备注 : |\n桩号(Km+m) : 25+235|\n设计流量(m3/s) : 60|\n闸槛高程(m) : 56.5|\n闸门结构形式 : 平板钢闸门|\n启闭机型号 : QP-2*100-8|\n启闭形式 : 卷扬式|\n闸门规格(孔—宽*高m) : 2—5*3|\n启闭机数量 : 2|\n鉴定及改造情况 : 工程质量评为基本合格。金属结构基本安全，评为B级"
      }
    },
    {
      "type": "Feature",
      "geometry": {
        "type": "Point",
        "coordinates": [
          116.61928296,
          40.31217602
        ]
      },
      "properties": {
        "name": "东溢洪道",
        "type": "怀柔水库所--泄洪闸",
        "params": {
          "备注": "",
          "桩号(Km+m)": "",
          "设计流量(m3/s)": "890",
          "校核流量(m3/s)": "1545",
          "设计水位(m)": "62",
          "闸槛高程(m)": "56",
          "闸门重量(t)": "22.3",
          "启闭机型号": "QH2*150KN-10",
          "闸门规格(孔-宽*高m)": "2-12*6.3",
          "鉴定及改造情况": ""
        },
        "photos": [],
        "description": "备注 : |\n桩号(Km+m) : |\n设计流量(m3/s) : 890|\n校核流量(m3/s) : 1545|\n设计水位(m) : 62|\n闸槛高程(m) : 56|\n闸门重量(t) : 22.3|\n启闭机型号 : QH2*150KN-10|\n闸门规格(孔-宽*高m) : 2-12*6.3|\n鉴定及改造情况 :"
      }
    },
    {
      "type": "Feature",
      "geometry": {
        "type": "Point",
        "coordinates": [
          116.61138654,
          40.30453243
        ]
      },
      "properties": {
        "name": "西溢洪道",
        "type": "怀柔水库所--泄洪闸",
        "params": {
          "备注": "",
          "桩号(Km+m)": "",
          "设计流量(m3/s)": "877",
          "校核流量(m3/s)": "1491",
          "设计水位(m)": "62",
          "闸槛高程(m)": "56",
          "闸门重量(t)": "20.84",
          "启闭机型号": "QH2*100KN",
          "闸门规格(孔-宽*高m)": "2-12*6.3",
          "鉴定及改造情况": ""
        },
        "photos": [],
        "description": "备注 : |\n桩号(Km+m) : |\n设计流量(m3/s) : 877|\n校核流量(m3/s) : 1491|\n设计水位(m) : 62|\n闸槛高程(m) : 56|\n闸门重量(t) : 20.84|\n启闭机型号 : QH2*100KN|\n闸门规格(孔-宽*高m) : 2-12*6.3|\n鉴定及改造情况 :"
      }
    },
    {
      "type": "Feature",
      "geometry": {
        "type": "Point",
        "coordinates": [
          116.56962321,
          40.26372877
        ]
      },
      "properties": {
        "name": "李家史山管理所内",
        "type": "史山所--变压器",
        "params": {
          "备注": "",
          "容量(KVA)": "500",
          "安装形式": "箱式",
          "管理所": "李家史山管理所"
        },
        "photos": [],
        "description": "备注 : |\n容量(KVA) : 500|\n安装形式 : 箱式|\n管理所 : 李家史山管理所"
      }
    },
    {
      "type": "Feature",
      "geometry": {
        "type": "Point",
        "coordinates": [
          116.56876758,
          40.26340948
        ]
      },
      "properties": {
        "name": "小中河",
        "type": "史山所--分水闸",
        "params": {
          "备注": "",
          "桩号(Km+m)": "34+629",
          "启闭机型号": "QL-50-SD型",
          "设计流量(m3/s)": "8.0",
          "引水渠底高程分水闸底高程(m)": "51.3/51.35",
          "进口尺寸(cm)": "2-270×275",
          "鉴定及改造情况": "鉴定二类闸，2002年更换闸门和启闭机",
          "权属": "京引",
          "所涉河流": ""
        },
        "photos": [],
        "description": "备注 : |\n桩号(Km+m) : 34+629|\n启闭机型号 : QL-50-SD型|\n设计流量(m3/s) : 8.0|\n引水渠底高程分水闸底高程(m) : 51.3/51.35|\n进口尺寸(cm) : 2-270×275|\n鉴定及改造情况 : 鉴定二类闸，2002年更换闸门和启闭机|\n权属 : 京引|\n所涉河流 :"
      }
    },
    {
      "type": "Feature",
      "geometry": {
        "type": "Point",
        "coordinates": [
          116.54934704,
          40.25286588
        ]
      },
      "properties": {
        "name": "东辛庄",
        "type": "史山所--分水闸",
        "params": {
          "备注": "",
          "桩号(Km+m)": "36+645",
          "启闭机型号": "QLC-2A",
          "设计流量(m3/s)": "1.0",
          "引水渠底高程分水闸底高程(m)": "50.185/50.478",
          "进口尺寸(cm)": "D60",
          "鉴定及改造情况": "鉴定二类闸，未大修",
          "权属": "京引",
          "所涉河流": ""
        },
        "photos": [],
        "description": "备注 : |\n桩号(Km+m) : 36+645|\n启闭机型号 : QLC-2A|\n设计流量(m3/s) : 1.0|\n引水渠底高程分水闸底高程(m) : 50.185/50.478|\n进口尺寸(cm) : D60|\n鉴定及改造情况 : 鉴定二类闸，未大修|\n权属 : 京引|\n所涉河流 :"
      }
    },
    {
      "type": "Feature",
      "geometry": {
        "type": "Point",
        "coordinates": [
          116.51493027,
          40.23509506
        ]
      },
      "properties": {
        "name": "南石槽",
        "type": "史山所--分水闸",
        "params": {
          "备注": "",
          "桩号(Km+m)": "40+233",
          "启闭机型号": "QLC-2A",
          "设计流量(m3/s)": "0.5",
          "引水渠底高程分水闸底高程(m)": "49.99/50.302",
          "进口尺寸(cm)": "D70",
          "鉴定及改造情况": "鉴定二类闸，未大修",
          "权属": "京引",
          "所涉河流": ""
        },
        "photos": [],
        "description": "备注 : |\n桩号(Km+m) : 40+233|\n启闭机型号 : QLC-2A|\n设计流量(m3/s) : 0.5|\n引水渠底高程分水闸底高程(m) : 49.99/50.302|\n进口尺寸(cm) : D70|\n鉴定及改造情况 : 鉴定二类闸，未大修|\n权属 : 京引|\n所涉河流 :"
      }
    },
    {
      "type": "Feature",
      "geometry": {
        "type": "Point",
        "coordinates": [
          116.50671602,
          40.23376001
        ]
      },
      "properties": {
        "name": "三号线",
        "type": "史山所--分水闸",
        "params": {
          "备注": "",
          "桩号(Km+m)": "40+945",
          "启闭机型号": "QLC-3A",
          "设计流量(m3/s)": "0.8",
          "引水渠底高程分水闸底高程(m)": "49.673/50.695",
          "进口尺寸(cm)": "D120",
          "鉴定及改造情况": "鉴定二类闸，未大修",
          "权属": "京引",
          "所涉河流": ""
        },
        "photos": [],
        "description": "备注 : |\n桩号(Km+m) : 40+945|\n启闭机型号 : QLC-3A|\n设计流量(m3/s) : 0.8|\n引水渠底高程分水闸底高程(m) : 49.673/50.695|\n进口尺寸(cm) : D120|\n鉴定及改造情况 : 鉴定二类闸，未大修|\n权属 : 京引|\n所涉河流 :"
      }
    },
    {
      "type": "Feature",
      "geometry": {
        "type": "Point",
        "coordinates": [
          116.48518458,
          40.23670547
        ]
      },
      "properties": {
        "name": "赵各庄",
        "type": "史山所--分水闸",
        "params": {
          "备注": "",
          "桩号(Km+m)": "42+831",
          "启闭机型号": "QLC-2A",
          "设计流量(m3/s)": "0.4",
          "引水渠底高程分水闸底高程(m)": "49.894/50.394",
          "进口尺寸(cm)": "D80",
          "鉴定及改造情况": "鉴定二类闸，未大修",
          "权属": "京引",
          "所涉河流": ""
        },
        "photos": [],
        "description": "备注 : |\n桩号(Km+m) : 42+831|\n启闭机型号 : QLC-2A|\n设计流量(m3/s) : 0.4|\n引水渠底高程分水闸底高程(m) : 49.894/50.394|\n进口尺寸(cm) : D80|\n鉴定及改造情况 : 鉴定二类闸，未大修|\n权属 : 京引|\n所涉河流 :"
      }
    },
    {
      "type": "Feature",
      "geometry": {
        "type": "Point",
        "coordinates": [
          116.59245014,
          40.29422437
        ]
      },
      "properties": {
        "name": "三扬分水闸",
        "type": "史山所--分水闸",
        "params": {
          "备注": "",
          "桩号(Km+m)": "30+383",
          "启闭机型号": "QLC-2A",
          "设计流量(m3/s)": "",
          "引水渠底高程分水闸底高程(m)": "",
          "进口尺寸(cm)": "120*120",
          "鉴定及改造情况": "鉴定二类闸，未大修",
          "权属": "京引",
          "所涉河流": ""
        },
        "photos": [],
        "description": "备注 : |\n桩号(Km+m) : 30+383|\n启闭机型号 : QLC-2A|\n设计流量(m3/s) : |\n引水渠底高程分水闸底高程(m) : |\n进口尺寸(cm) : 120*120|\n鉴定及改造情况 : 鉴定二类闸，未大修|\n权属 : 京引|\n所涉河流 :"
      }
    },
    {
      "type": "Feature",
      "geometry": {
        "type": "Point",
        "coordinates": [
          116.55032605,
          40.25345544
        ]
      },
      "properties": {
        "name": "苏峪沟（寺上）",
        "type": "史山所--过渠涵洞",
        "params": {
          "备注": "",
          "桩号(Km+m)": "36+545",
          "洞身长度(m)": "35",
          "设计流量(m3/s)": "175.0",
          "校核流量(m3/s)": "288",
          "进口高程(m)": "47.08",
          "出口高程(m)": "47.08",
          "断面尺寸(孔-宽*高m)": "4-4*2.7",
          "运行情况": "良好",
          "所涉河流": ""
        },
        "photos": [],
        "description": "备注 : |\n桩号(Km+m) : 36+545|\n洞身长度(m) : 35|\n设计流量(m3/s) : 175.0|\n校核流量(m3/s) : 288|\n进口高程(m) : 47.08|\n出口高程(m) : 47.08|\n断面尺寸(孔-宽*高m) : 4-4*2.7|\n运行情况 : 良好|\n所涉河流 :"
      }
    },
    {
      "type": "Feature",
      "geometry": {
        "type": "Point",
        "coordinates": [
          116.5042001,
          40.23388491
        ]
      },
      "properties": {
        "name": "沙峪沟（范各庄）",
        "type": "史山所--过渠涵洞",
        "params": {
          "备注": "",
          "桩号(Km+m)": "41+159",
          "洞身长度(m)": "35",
          "设计流量(m3/s)": "93.4",
          "校核流量(m3/s)": "178",
          "进口高程(m)": "47.05",
          "出口高程(m)": "47.05",
          "断面尺寸(孔-宽*高m)": "4-4*2.5",
          "运行情况": "良好",
          "所涉河流": ""
        },
        "photos": [],
        "description": "备注 : |\n桩号(Km+m) : 41+159|\n洞身长度(m) : 35|\n设计流量(m3/s) : 93.4|\n校核流量(m3/s) : 178|\n进口高程(m) : 47.05|\n出口高程(m) : 47.05|\n断面尺寸(孔-宽*高m) : 4-4*2.5|\n运行情况 : 良好|\n所涉河流 :"
      }
    },
    {
      "type": "Feature",
      "geometry": {
        "type": "Point",
        "coordinates": [
          116.48659945,
          40.2365601
        ]
      },
      "properties": {
        "name": "赵各庄",
        "type": "史山所--过渠涵洞",
        "params": {
          "备注": "",
          "桩号(Km+m)": "42+706",
          "洞身长度(m)": "35",
          "设计流量(m3/s)": "119.0",
          "校核流量(m3/s)": "202",
          "进口高程(m)": "46.98",
          "出口高程(m)": "46.98",
          "断面尺寸(孔-宽*高m)": "4-4*2.5",
          "运行情况": "良好",
          "所涉河流": ""
        },
        "photos": [],
        "description": "备注 : |\n桩号(Km+m) : 42+706|\n洞身长度(m) : 35|\n设计流量(m3/s) : 119.0|\n校核流量(m3/s) : 202|\n进口高程(m) : 46.98|\n出口高程(m) : 46.98|\n断面尺寸(孔-宽*高m) : 4-4*2.5|\n运行情况 : 良好|\n所涉河流 :"
      }
    },
    {
      "type": "Feature",
      "geometry": {
        "type": "Point",
        "coordinates": [
          116.59816325,
          40.2951992
        ]
      },
      "properties": {
        "name": "西台上节制闸前交通桥",
        "type": "史山所--交通桥",
        "params": {
          "备注": "",
          "序号": "",
          "桩号": "29+900",
          "长(m)": "29+900",
          "宽(m)": "11.0",
          "设计荷载(T)": "5.7",
          "建成时间": "旧3t",
          "产权单位": "1961年建2007年板梁更换",
          "单位管理": "北京市京密引水管理处",
          "管理协议": "北京市京密引水管理处",
          "结构形式": "g116.60399603, 40.29627587"
        },
        "photos": [],
        "description": "备注 : |\n序号 : |\n桩号 : 29+900|\n长(m) : 29+900|\n宽(m) : 11.0|\n设计荷载(T) : 5.7|\n建成时间 :    旧3t|\n产权单位 : 1961年建2007年板梁更换|\n单位管理 : 北京市京密引水管理处|\n管理协议 : 北京市京密引水管理处|\n结构形式 : g116.60399603, 40.29627587"
      }
    },
    {
      "type": "Feature",
      "geometry": {
        "type": "Point",
        "coordinates": [
          116.60177618,
          40.29640721
        ]
      },
      "properties": {
        "name": "怀长路2#南桥（台上1号桥）",
        "type": "史山所--交通桥",
        "params": {
          "备注": "",
          "序号": "",
          "桩号": "0+363.5",
          "长(m)": "0+363.5",
          "宽(m)": "33.9",
          "设计荷载(T)": "15.6",
          "建成时间": "汽20t",
          "产权单位": "1998年建2014年通车",
          "单位管理": "北京市路政局怀柔公路分局",
          "管理协议": "北京市路政局怀柔公路分局",
          "结构形式": "g116.60761053, 40.29748457"
        },
        "photos": [],
        "description": "备注 : |\n序号 : |\n桩号 : 0+363.5|\n长(m) : 0+363.5|\n宽(m) : 33.9|\n设计荷载(T) : 15.6|\n建成时间 : 汽20t|\n产权单位 : 1998年建2014年通车|\n单位管理 : 北京市路政局怀柔公路分局|\n管理协议 : 北京市路政局怀柔公路分局|\n结构形式 : g116.60761053, 40.29748457"
      }
    },
    {
      "type": "Feature",
      "geometry": {
        "type": "Point",
        "coordinates": [
          116.59765899,
          40.29557357
        ]
      },
      "properties": {
        "name": "怀长路3#南桥（台上2号桥）",
        "type": "史山所--交通桥",
        "params": {
          "备注": "",
          "序号": "",
          "桩号": "29+967",
          "长(m)": "29+967",
          "宽(m)": "59.0",
          "设计荷载(T)": "15.0",
          "建成时间": "汽20t",
          "产权单位": "1998年建",
          "单位管理": "北京市路政局怀柔公路分局",
          "管理协议": "北京市路政局怀柔公路分局",
          "结构形式": "g116.60349168, 40.29665032"
        },
        "photos": [],
        "description": "备注 : |\n序号 : |\n桩号 : 29+967|\n长(m) : 29+967|\n宽(m) : 59.0|\n设计荷载(T) : 15.0|\n建成时间 : 汽20t|\n产权单位 : 1998年建|\n单位管理 : 北京市路政局怀柔公路分局|\n管理协议 : 北京市路政局怀柔公路分局|\n结构形式 : g116.60349168, 40.29665032"
      }
    },
    {
      "type": "Feature",
      "geometry": {
        "type": "Point",
        "coordinates": [
          116.59718156,
          40.29507747
        ]
      },
      "properties": {
        "name": "台关桥",
        "type": "史山所--交通桥",
        "params": {
          "备注": "",
          "序号": "",
          "桩号": "29+967",
          "长(m)": "29+967",
          "宽(m)": "32.0",
          "设计荷载(T)": "8.0",
          "建成时间": "汽15",
          "产权单位": "1961年建2007年板梁更换",
          "单位管理": "北京市路政局怀柔公路分局",
          "管理协议": "北京市路政局怀柔公路分局",
          "结构形式": "g116.60301407, 40.29615410"
        },
        "photos": [],
        "description": "备注 : |\n序号 : |\n桩号 : 29+967|\n长(m) : 29+967|\n宽(m) : 32.0|\n设计荷载(T) : 8.0|\n建成时间 : 汽15|\n产权单位 : 1961年建2007年板梁更换|\n单位管理 : 北京市路政局怀柔公路分局|\n管理协议 : 北京市路政局怀柔公路分局|\n结构形式 : g116.60301407, 40.29615410"
      }
    },
    {
      "type": "Feature",
      "geometry": {
        "type": "Point",
        "coordinates": [
          116.59500897,
          40.29413436
        ]
      },
      "properties": {
        "name": "京密引水渠桥（北台桥）",
        "type": "史山所--交通桥",
        "params": {
          "备注": "",
          "序号": "",
          "桩号": "30+182",
          "长(m)": "30+182",
          "宽(m)": "55.1",
          "设计荷载(T)": "30.0",
          "建成时间": "汽20t",
          "产权单位": "2006年建",
          "单位管理": "北京市路政局怀柔公路分局",
          "管理协议": "北京市路政局怀柔公路分局",
          "结构形式": "g116.60084101, 40.29521090"
        },
        "photos": [],
        "description": "备注 : |\n序号 : |\n桩号 : 30+182|\n长(m) : 30+182|\n宽(m) : 55.1|\n设计荷载(T) : 30.0|\n建成时间 : 汽20t|\n产权单位 : 2006年建|\n单位管理 : 北京市路政局怀柔公路分局|\n管理协议 : 北京市路政局怀柔公路分局|\n结构形式 : g116.60084101, 40.29521090"
      }
    },
    {
      "type": "Feature",
      "geometry": {
        "type": "Point",
        "coordinates": [
          116.58420503,
          40.2914011
        ]
      },
      "properties": {
        "name": "怀长旧路京密引水渠桥（彩虹桥）",
        "type": "史山所--交通桥",
        "params": {
          "备注": "",
          "序号": "",
          "桩号": "31+221",
          "长(m)": "31+221",
          "宽(m)": "68.0",
          "设计荷载(T)": "30.0",
          "建成时间": "汽20t",
          "产权单位": "2014年建",
          "单位管理": "北京市路政局怀柔公路分局",
          "管理协议": "北京市路政局怀柔公路分局",
          "结构形式": "g116.59003916, 40.29248077"
        },
        "photos": [],
        "description": "备注 : |\n序号 : |\n桩号 : 31+221|\n长(m) : 31+221|\n宽(m) : 68.0|\n设计荷载(T) : 30.0|\n建成时间 : 汽20t|\n产权单位 : 2014年建|\n单位管理 : 北京市路政局怀柔公路分局|\n管理协议 : 北京市路政局怀柔公路分局|\n结构形式 : g116.59003916, 40.29248077"
      }
    },
    {
      "type": "Feature",
      "geometry": {
        "type": "Point",
        "coordinates": [
          116.58177227,
          40.28738898
        ]
      },
      "properties": {
        "name": "幸福桥",
        "type": "史山所--交通桥",
        "params": {
          "备注": "",
          "序号": "",
          "桩号": "31+714",
          "长(m)": "31+714",
          "宽(m)": "39.9",
          "设计荷载(T)": "8.7",
          "建成时间": "汽15t",
          "产权单位": "1964年建1966年通车",
          "单位管理": "北京市路政局怀柔公路分局",
          "管理协议": "北京市路政局怀柔公路分局",
          "结构形式": "g116.58760742, 40.28846931"
        },
        "photos": [],
        "description": "备注 : |\n序号 : |\n桩号 : 31+714|\n长(m) : 31+714|\n宽(m) : 39.9|\n设计荷载(T) : 8.7|\n建成时间 : 汽15t|\n产权单位 : 1964年建1966年通车|\n单位管理 : 北京市路政局怀柔公路分局|\n管理协议 : 北京市路政局怀柔公路分局|\n结构形式 : g116.58760742, 40.28846931"
      }
    },
    {
      "type": "Feature",
      "geometry": {
        "type": "Point",
        "coordinates": [
          116.57703549,
          40.27940289
        ]
      },
      "properties": {
        "name": "大秦铁路桥",
        "type": "史山所--交通桥",
        "params": {
          "备注": "",
          "序号": "",
          "桩号": "32+900",
          "长(m)": "32+900",
          "宽(m)": "",
          "设计荷载(T)": "",
          "建成时间": "",
          "产权单位": "2005年扩建",
          "单位管理": "大秦铁路股份有限公司",
          "管理协议": "大秦铁路股份有限公司",
          "结构形式": "g116.58287363, 40.28048528"
        },
        "photos": [],
        "description": "备注 : |\n序号 : |\n桩号 : 32+900|\n长(m) : 32+900|\n宽(m) : |\n设计荷载(T) : |\n建成时间 : |\n产权单位 : 2005年扩建|\n单位管理 : 大秦铁路股份有限公司|\n管理协议 : 大秦铁路股份有限公司|\n结构形式 : g116.58287363, 40.28048528"
      }
    },
    {
      "type": "Feature",
      "geometry": {
        "type": "Point",
        "coordinates": [
          116.57160938,
          40.27012861
        ]
      },
      "properties": {
        "name": "王史山桥",
        "type": "史山所--交通桥",
        "params": {
          "备注": "",
          "序号": "",
          "桩号": "33+817",
          "长(m)": "33+817",
          "宽(m)": "46.0",
          "设计荷载(T)": "6.4",
          "建成时间": "汽15",
          "产权单位": "1961年建",
          "单位管理": "北京市怀柔区庙城镇王史山村村民委员会",
          "管理协议": "北京市怀柔区庙城镇王史山村村民委员会",
          "结构形式": "g116.57745258, 40.27121464"
        },
        "photos": [],
        "description": "备注 : |\n序号 : |\n桩号 : 33+817|\n长(m) : 33+817|\n宽(m) : 46.0|\n设计荷载(T) : 6.4|\n建成时间 : 汽15|\n产权单位 : 1961年建|\n单位管理 : 北京市怀柔区庙城镇王史山村村民委员会|\n管理协议 : 北京市怀柔区庙城镇王史山村村民委员会|\n结构形式 : g116.57745258, 40.27121464"
      }
    },
    {
      "type": "Feature",
      "geometry": {
        "type": "Point",
        "coordinates": [
          116.56801387,
          40.26400304
        ]
      },
      "properties": {
        "name": "李史山公路桥",
        "type": "史山所--交通桥",
        "params": {
          "备注": "",
          "序号": "",
          "桩号": "34+565",
          "长(m)": "34+565",
          "宽(m)": "16.5",
          "设计荷载(T)": "9.0",
          "建成时间": "汽20",
          "产权单位": "1997年扩建",
          "单位管理": "北京市京密引水管理处",
          "管理协议": "北京市京密引水管理处",
          "结构形式": "g116.57386138, 40.26509224"
        },
        "photos": [],
        "description": "备注 : |\n序号 : |\n桩号 : 34+565|\n长(m) : 34+565|\n宽(m) : 16.5|\n设计荷载(T) : 9.0|\n建成时间 : 汽20|\n产权单位 : 1997年扩建|\n单位管理 : 北京市京密引水管理处|\n管理协议 : 北京市京密引水管理处|\n结构形式 : g116.57386138, 40.26509224"
      }
    },
    {
      "type": "Feature",
      "geometry": {
        "type": "Point",
        "coordinates": [
          116.56861067,
          40.26307996
        ]
      },
      "properties": {
        "name": "史山闸桥（七八干桥）",
        "type": "史山所--交通桥",
        "params": {
          "备注": "",
          "序号": "",
          "桩号": "34+664",
          "长(m)": "34+664",
          "宽(m)": "15.0",
          "设计荷载(T)": "9.2",
          "建成时间": "",
          "产权单位": "1997年扩建",
          "单位管理": "高丽营水务所",
          "管理协议": "高丽营水务所",
          "结构形式": "g116.57445717, 40.26416820"
        },
        "photos": [],
        "description": "备注 : |\n序号 : |\n桩号 : 34+664|\n长(m) : 34+664|\n宽(m) : 15.0|\n设计荷载(T) : 9.2|\n建成时间 : |\n产权单位 : 1997年扩建|\n单位管理 : 高丽营水务所|\n管理协议 : 高丽营水务所|\n结构形式 : g116.57445717, 40.26416820"
      }
    },
    {
      "type": "Feature",
      "geometry": {
        "type": "Point",
        "coordinates": [
          116.56876087,
          40.26338902
        ]
      },
      "properties": {
        "name": "小中河闸前桥",
        "type": "史山所--交通桥",
        "params": {
          "备注": "",
          "序号": "",
          "桩号": "34+629",
          "长(m)": "34+629",
          "宽(m)": "6.6",
          "设计荷载(T)": "4.4",
          "建成时间": "",
          "产权单位": "",
          "单位管理": "北京市京密引水管理处",
          "管理协议": "北京市京密引水管理处",
          "结构形式": "g116.57460719, 40.26447713"
        },
        "photos": [],
        "description": "备注 : |\n序号 : |\n桩号 : 34+629|\n长(m) : 34+629|\n宽(m) : 6.6|\n设计荷载(T) : 4.4|\n建成时间 : |\n产权单位 : |\n单位管理 : 北京市京密引水管理处|\n管理协议 : 北京市京密引水管理处|\n结构形式 : g116.57460719, 40.26447713"
      }
    },
    {
      "type": "Feature",
      "geometry": {
        "type": "Point",
        "coordinates": [
          116.5508008,
          40.25363558
        ]
      },
      "properties": {
        "name": "5号桥（寺上桥）",
        "type": "史山所--交通桥",
        "params": {
          "备注": "",
          "序号": "",
          "桩号": "36+504",
          "长(m)": "36+504",
          "宽(m)": "39.8",
          "设计荷载(T)": "12.8",
          "建成时间": "汽20",
          "产权单位": "2002年扩建",
          "单位管理": "北京市顺义区北石槽镇政府",
          "管理协议": "北京市顺义区北石槽镇政府",
          "结构形式": "g116.55668123, 40.25475134"
        },
        "photos": [],
        "description": "备注 : |\n序号 : |\n桩号 : 36+504|\n长(m) : 36+504|\n宽(m) : 39.8|\n设计荷载(T) : 12.8|\n建成时间 : 汽20|\n产权单位 : 2002年扩建|\n单位管理 : 北京市顺义区北石槽镇政府|\n管理协议 : 北京市顺义区北石槽镇政府|\n结构形式 : g116.55668123, 40.25475134"
      }
    },
    {
      "type": "Feature",
      "geometry": {
        "type": "Point",
        "coordinates": [
          116.53283268,
          40.24615119
        ]
      },
      "properties": {
        "name": "辛东路6号线京密引水渠桥（东石槽桥）",
        "type": "史山所--交通桥",
        "params": {
          "备注": "",
          "序号": "",
          "桩号": "38+272",
          "长(m)": "38+272",
          "宽(m)": "41.0",
          "设计荷载(T)": "9.8",
          "建成时间": "汽20",
          "产权单位": "2006年建",
          "单位管理": "北京市顺义区北石槽镇政府",
          "管理协议": "北京市顺义区北石槽镇政府",
          "结构形式": "g116.53876322, 40.24730676"
        },
        "photos": [],
        "description": "备注 : |\n序号 : |\n桩号 : 38+272|\n长(m) : 38+272|\n宽(m) : 41.0|\n设计荷载(T) : 9.8|\n建成时间 : 汽20|\n产权单位 : 2006年建|\n单位管理 : 北京市顺义区北石槽镇政府|\n管理协议 : 北京市顺义区北石槽镇政府|\n结构形式 : g116.53876322, 40.24730676"
      }
    },
    {
      "type": "Feature",
      "geometry": {
        "type": "Point",
        "coordinates": [
          116.52519911,
          40.24011866
        ]
      },
      "properties": {
        "name": "京密引水渠桥（天北桥）",
        "type": "史山所--交通桥",
        "params": {
          "备注": "",
          "序号": "",
          "桩号": "39+160",
          "长(m)": "39+160",
          "宽(m)": "52.9",
          "设计荷载(T)": "37.5",
          "建成时间": "",
          "产权单位": "2004年10月1日通车",
          "单位管理": "北京路桥瑞通养护中心有限公司",
          "管理协议": "北京市交通委员会顺义公路分局",
          "结构形式": "g116.53115430, 40.24129336"
        },
        "photos": [],
        "description": "备注 : |\n序号 : |\n桩号 : 39+160|\n长(m) : 39+160|\n宽(m) : 52.9|\n设计荷载(T) : 37.5|\n建成时间 : |\n产权单位 : 2004年10月1日通车\n2023年扩建|\n单位管理 : 北京路桥瑞通养护中心有限公司|\n管理协议 : 北京市交通委员会顺义公路分局|\n结构形式 : g116.53115430, 40.24129336"
      }
    },
    {
      "type": "Feature",
      "geometry": {
        "type": "Point",
        "coordinates": [
          116.51452393,
          40.23516979
        ]
      },
      "properties": {
        "name": "南石槽桥",
        "type": "史山所--交通桥",
        "params": {
          "备注": "",
          "序号": "",
          "桩号": "40+261",
          "长(m)": "40+261",
          "宽(m)": "39.2",
          "设计荷载(T)": "7.0",
          "建成时间": "汽20",
          "产权单位": "2008年",
          "单位管理": "北京市路政局顺义公路分局",
          "管理协议": "北京市路政局顺义公路分局",
          "结构形式": "g116.52051666, 40.23637382"
        },
        "photos": [],
        "description": "备注 : |\n序号 : |\n桩号 : 40+261|\n长(m) : 40+261|\n宽(m) : 39.2|\n设计荷载(T) : 7.0|\n建成时间 : 汽20|\n产权单位 : 2008年|\n单位管理 : 北京市路政局顺义公路分局|\n管理协议 : 北京市路政局顺义公路分局|\n结构形式 : g116.52051666, 40.23637382"
      }
    },
    {
      "type": "Feature",
      "geometry": {
        "type": "Point",
        "coordinates": [
          116.50689036,
          40.23391973
        ]
      },
      "properties": {
        "name": "京密引水渠三号桥（九厂桥）",
        "type": "史山所--交通桥",
        "params": {
          "备注": "",
          "序号": "",
          "桩号": "40+929",
          "长(m)": "40+929",
          "宽(m)": "42.2",
          "设计荷载(T)": "10.4",
          "建成时间": "汽20",
          "产权单位": "1988年建",
          "单位管理": "水源九厂",
          "管理协议": "水源九厂",
          "结构形式": "g116.51291150, 40.23514602"
        },
        "photos": [],
        "description": "备注 : |\n序号 : |\n桩号 : 40+929|\n长(m) : 40+929|\n宽(m) : 42.2|\n设计荷载(T) : 10.4|\n建成时间 : 汽20|\n产权单位 : 1988年建|\n单位管理 : 水源九厂|\n管理协议 : 水源九厂|\n结构形式 : g116.51291150, 40.23514602"
      }
    },
    {
      "type": "Feature",
      "geometry": {
        "type": "Point",
        "coordinates": [
          116.49813294,
          40.23388491
        ]
      },
      "properties": {
        "name": "范各庄桥",
        "type": "史山所--交通桥",
        "params": {
          "备注": "",
          "序号": "",
          "桩号": "41+675",
          "长(m)": "41+675",
          "宽(m)": "40.4",
          "设计荷载(T)": "9.6",
          "建成时间": "汽20",
          "产权单位": "2007年",
          "单位管理": "北京市顺义区北石槽镇政府",
          "管理协议": "北京市顺义区北石槽镇政府",
          "结构形式": "g116.50418748, 40.23513738"
        },
        "photos": [],
        "description": "备注 : |\n序号 : |\n桩号 : 41+675|\n长(m) : 41+675|\n宽(m) : 40.4|\n设计荷载(T) : 9.6|\n建成时间 : 汽20|\n产权单位 : 2007年|\n单位管理 : 北京市顺义区北石槽镇政府|\n管理协议 : 北京市顺义区北石槽镇政府|\n结构形式 : g116.50418748, 40.23513738"
      }
    },
    {
      "type": "Feature",
      "geometry": {
        "type": "Point",
        "coordinates": [
          116.48809344,
          40.23621713
        ]
      },
      "properties": {
        "name": "赵各庄桥（下西市桥）",
        "type": "史山所--交通桥",
        "params": {
          "备注": "",
          "序号": "",
          "桩号": "42+570",
          "长(m)": "42+570",
          "宽(m)": "42.0",
          "设计荷载(T)": "9.5",
          "建成时间": "汽15",
          "产权单位": "1973年通车2005年改建",
          "单位管理": "北京市路政局顺义公路分局",
          "管理协议": "北京市路政局顺义公路分局",
          "结构形式": "g116.49418649, 40.23749984"
        },
        "photos": [],
        "description": "备注 : |\n序号 : |\n桩号 : 42+570|\n长(m) : 42+570|\n宽(m) : 42.0|\n设计荷载(T) : 9.5|\n建成时间 : 汽15|\n产权单位 : 1973年通车2005年改建|\n单位管理 : 北京市路政局顺义公路分局|\n管理协议 : 北京市路政局顺义公路分局|\n结构形式 : g116.49418649, 40.23749984"
      }
    },
    {
      "type": "Feature",
      "geometry": {
        "type": "Point",
        "coordinates": [
          116.5982008,
          40.29520635
        ]
      },
      "properties": {
        "name": "西台上节制闸",
        "type": "史山所--节制闸",
        "params": {
          "备注": "",
          "桩号(Km+m)": "支渠0+000",
          "设计流量(m3/s)": "20",
          "闸槛高程(m)": "52.285",
          "闸门结构形式": "铸铁平板门",
          "闸门规格(孔_宽*高m)": "2—2*2.45",
          "启闭形式": "螺杆式",
          "启闭机型号": "I80",
          "鉴定及改造情况": "鉴定二类闸，未大修"
        },
        "photos": [],
        "description": "备注 : |\n桩号(Km+m) : 支渠0+000|\n设计流量(m3/s) : 20|\n闸槛高程(m) : 52.285|\n闸门结构形式 : 铸铁平板门|\n闸门规格(孔_宽*高m) : 2—2*2.45|\n启闭形式 : 螺杆式|\n启闭机型号 : I80|\n鉴定及改造情况 : 鉴定二类闸，未大修"
      }
    },
    {
      "type": "Feature",
      "geometry": {
        "type": "Point",
        "coordinates": [
          116.56803668,
          40.26400918
        ]
      },
      "properties": {
        "name": "李史山节制闸",
        "type": "史山所--节制闸",
        "params": {
          "备注": "",
          "桩号(Km+m)": "34+559",
          "设计流量(m3/s)": "40",
          "闸槛高程(m)": "50.28",
          "闸门结构形式": "钢筋砼平板门",
          "闸门规格(孔_宽*高m)": "1—3.5*4.0 1—3.0*4.0 1—3.5*4.0",
          "启闭形式": "螺杆式",
          "启闭机型号": "QL-100-SP",
          "鉴定及改造情况": "鉴定四类闸，2002年10月11日，对李史山节制闸装修、更换启闭机3台、丝杠3根、配电柜1台；闸房内外装修。"
        },
        "photos": [],
        "description": "备注 : |\n桩号(Km+m) : 34+559|\n设计流量(m3/s) : 40|\n闸槛高程(m) : 50.28|\n闸门结构形式 : 钢筋砼平板门|\n闸门规格(孔_宽*高m) : 1—3.5*4.0 1—3.0*4.0 1—3.5*4.0|\n启闭形式 : 螺杆式|\n启闭机型号 : QL-100-SP|\n鉴定及改造情况 : 鉴定四类闸，2002年10月11日，对李史山节制闸装修、更换启闭机3台、丝杠3根、配电柜1台；闸房内外装修。"
      }
    },
    {
      "type": "Feature",
      "geometry": {
        "type": "Point",
        "coordinates": [
          116.59749002,
          40.29642153
        ]
      },
      "properties": {
        "name": "西台上跌水闸下游",
        "type": "史山所--雨水口",
        "params": {
          "备注": "",
          "桩号(Km+m)": "29+970",
          "方涵或管涵尺寸(m)": "1",
          "上游集水面积(m2)": "1.8",
          "排水性质": "雨水",
          "有无沉淀设施": "无",
          "封堵(引流)计划": "无"
        },
        "photos": [],
        "description": "备注 : |\n桩号(Km+m) : 29+970|\n方涵或管涵尺寸(m) : 1|\n上游集水面积(m2) : 1.8|\n排水性质 : 雨水|\n有无沉淀设施 : 无|\n封堵(引流)计划 : 无"
      }
    },
    {
      "type": "Feature",
      "geometry": {
        "type": "Point",
        "coordinates": [
          116.597085,
          40.2952534
        ]
      },
      "properties": {
        "name": "西台上桥上游（台关桥）",
        "type": "史山所--雨水口",
        "params": {
          "备注": "",
          "桩号(Km+m)": "29+956",
          "方涵或管涵尺寸(m)": "0.7*0.5",
          "上游集水面积(m2)": "1800",
          "排水性质": "雨水",
          "有无沉淀设施": "无",
          "封堵(引流)计划": "无"
        },
        "photos": [],
        "description": "备注 : |\n桩号(Km+m) : 29+956|\n方涵或管涵尺寸(m) : 0.7*0.5|\n上游集水面积(m2) : 1800|\n排水性质 : 雨水|\n有无沉淀设施 : 无|\n封堵(引流)计划 : 无"
      }
    },
    {
      "type": "Feature",
      "geometry": {
        "type": "Point",
        "coordinates": [
          116.59699112,
          40.29515112
        ]
      },
      "properties": {
        "name": "西台上桥下游（台关桥）",
        "type": "史山所--雨水口",
        "params": {
          "备注": "",
          "桩号(Km+m)": "29+975",
          "方涵或管涵尺寸(m)": "0.7*0.2",
          "上游集水面积(m2)": "1000",
          "排水性质": "雨水",
          "有无沉淀设施": "无",
          "封堵(引流)计划": "无"
        },
        "photos": [],
        "description": "备注 : |\n桩号(Km+m) : 29+975|\n方涵或管涵尺寸(m) : 0.7*0.2|\n上游集水面积(m2) : 1000|\n排水性质 : 雨水|\n有无沉淀设施 : 无|\n封堵(引流)计划 : 无"
      }
    },
    {
      "type": "Feature",
      "geometry": {
        "type": "Point",
        "coordinates": [
          116.59316361,
          40.29455579
        ]
      },
      "properties": {
        "name": "一道沟",
        "type": "史山所--雨水口",
        "params": {
          "备注": "",
          "桩号(Km+m)": "30+369",
          "方涵或管涵尺寸(m)": "1Φ1.0",
          "上游集水面积(m2)": "2500",
          "排水性质": "雨水",
          "有无沉淀设施": "无",
          "封堵(引流)计划": "无"
        },
        "photos": [],
        "description": "备注 : |\n桩号(Km+m) : 30+369|\n方涵或管涵尺寸(m) : 1Φ1.0|\n上游集水面积(m2) : 2500|\n排水性质 : 雨水|\n有无沉淀设施 : 无|\n封堵(引流)计划 : 无"
      }
    },
    {
      "type": "Feature",
      "geometry": {
        "type": "Point",
        "coordinates": [
          116.58993423,
          40.29431439
        ]
      },
      "properties": {
        "name": "二道沟",
        "type": "史山所--雨水口",
        "params": {
          "备注": "",
          "桩号(Km+m)": "30+603",
          "方涵或管涵尺寸(m)": "3Φ1.0",
          "上游集水面积(m2)": "2500",
          "排水性质": "雨水",
          "有无沉淀设施": "无",
          "封堵(引流)计划": "无"
        },
        "photos": [],
        "description": "备注 : |\n桩号(Km+m) : 30+603|\n方涵或管涵尺寸(m) : 3Φ1.0|\n上游集水面积(m2) : 2500|\n排水性质 : 雨水|\n有无沉淀设施 : 无|\n封堵(引流)计划 : 无"
      }
    },
    {
      "type": "Feature",
      "geometry": {
        "type": "Point",
        "coordinates": [
          116.58162474,
          40.2876038
        ]
      },
      "properties": {
        "name": "怀长路上游右岸",
        "type": "史山所--雨水口",
        "params": {
          "备注": "",
          "桩号(Km+m)": "31+267",
          "方涵或管涵尺寸(m)": "1Φ0.8",
          "上游集水面积(m2)": "3000",
          "排水性质": "雨水",
          "有无沉淀设施": "无",
          "封堵(引流)计划": "无"
        },
        "photos": [],
        "description": "备注 : |\n桩号(Km+m) : 31+267|\n方涵或管涵尺寸(m) : 1Φ0.8|\n上游集水面积(m2) : 3000|\n排水性质 : 雨水|\n有无沉淀设施 : 无|\n封堵(引流)计划 : 无"
      }
    },
    {
      "type": "Feature",
      "geometry": {
        "type": "Point",
        "coordinates": [
          116.58204183,
          40.2873767
        ]
      },
      "properties": {
        "name": "幸福桥上游1",
        "type": "史山所--雨水口",
        "params": {
          "备注": "",
          "桩号(Km+m)": "31+700",
          "方涵或管涵尺寸(m)": "1Φ0.4",
          "上游集水面积(m2)": "0.88",
          "排水性质": "雨水",
          "有无沉淀设施": "无",
          "封堵(引流)计划": "无"
        },
        "photos": [],
        "description": "备注 : |\n桩号(Km+m) : 31+700|\n方涵或管涵尺寸(m) : 1Φ0.4|\n上游集水面积(m2) : 0.88|\n排水性质 : 雨水|\n有无沉淀设施 : 无|\n封堵(引流)计划 : 无"
      }
    },
    {
      "type": "Feature",
      "geometry": {
        "type": "Point",
        "coordinates": [
          116.58158183,
          40.28754652
        ]
      },
      "properties": {
        "name": "幸福桥上游2",
        "type": "史山所--雨水口",
        "params": {
          "备注": "",
          "桩号(Km+m)": "31+700",
          "方涵或管涵尺寸(m)": "1Φ0.4",
          "上游集水面积(m2)": "0.88",
          "排水性质": "雨水",
          "有无沉淀设施": "无",
          "封堵(引流)计划": "无"
        },
        "photos": [],
        "description": "备注 : |\n桩号(Km+m) : 31+700|\n方涵或管涵尺寸(m) : 1Φ0.4|\n上游集水面积(m2) : 0.88|\n排水性质 : 雨水|\n有无沉淀设施 : 无|\n封堵(引流)计划 : 无"
      }
    },
    {
      "type": "Feature",
      "geometry": {
        "type": "Point",
        "coordinates": [
          116.58198685,
          40.28726212
        ]
      },
      "properties": {
        "name": "幸福桥下游1",
        "type": "史山所--雨水口",
        "params": {
          "备注": "",
          "桩号(Km+m)": "31+728",
          "方涵或管涵尺寸(m)": "1Φ0.4",
          "上游集水面积(m2)": "0.88",
          "排水性质": "雨水",
          "有无沉淀设施": "无",
          "封堵(引流)计划": "无"
        },
        "photos": [],
        "description": "备注 : |\n桩号(Km+m) : 31+728|\n方涵或管涵尺寸(m) : 1Φ0.4|\n上游集水面积(m2) : 0.88|\n排水性质 : 雨水|\n有无沉淀设施 : 无|\n封堵(引流)计划 : 无"
      }
    },
    {
      "type": "Feature",
      "geometry": {
        "type": "Point",
        "coordinates": [
          116.58150941,
          40.28742375
        ]
      },
      "properties": {
        "name": "幸福桥下游2",
        "type": "史山所--雨水口",
        "params": {
          "备注": "",
          "桩号(Km+m)": "31+728",
          "方涵或管涵尺寸(m)": "1Φ0.4",
          "上游集水面积(m2)": "3500",
          "排水性质": "雨水",
          "有无沉淀设施": "无",
          "封堵(引流)计划": "无"
        },
        "photos": [],
        "description": "备注 : |\n桩号(Km+m) : 31+728|\n方涵或管涵尺寸(m) : 1Φ0.4|\n上游集水面积(m2) : 3500|\n排水性质 : 雨水|\n有无沉淀设施 : 无|\n封堵(引流)计划 : 无"
      }
    },
    {
      "type": "Feature",
      "geometry": {
        "type": "Point",
        "coordinates": [
          116.57819956,
          40.28247221
        ]
      },
      "properties": {
        "name": "大秦铁路桥右岸",
        "type": "史山所--雨水口",
        "params": {
          "备注": "",
          "桩号(Km+m)": "32+328",
          "方涵或管涵尺寸(m)": "0.9*0.7",
          "上游集水面积(m2)": "已封堵",
          "排水性质": "雨水",
          "有无沉淀设施": "无",
          "封堵(引流)计划": "有"
        },
        "photos": [],
        "description": "备注 : |\n桩号(Km+m) : 32+328|\n方涵或管涵尺寸(m) : 0.9*0.7|\n上游集水面积(m2) : 已封堵|\n排水性质 : 雨水|\n有无沉淀设施 : 无|\n封堵(引流)计划 : 有"
      }
    },
    {
      "type": "Feature",
      "geometry": {
        "type": "Point",
        "coordinates": [
          116.57447934,
          40.27542076
        ]
      },
      "properties": {
        "name": "王史山桥上游右岸",
        "type": "史山所--雨水口",
        "params": {
          "备注": "",
          "桩号(Km+m)": "33+636",
          "方涵或管涵尺寸(m)": "1Φ0.6",
          "上游集水面积(m2)": "已封堵",
          "排水性质": "雨水",
          "有无沉淀设施": "无",
          "封堵(引流)计划": "有"
        },
        "photos": [],
        "description": "备注 : |\n桩号(Km+m) : 33+636|\n方涵或管涵尺寸(m) : 1Φ0.6|\n上游集水面积(m2) : 已封堵|\n排水性质 : 雨水|\n有无沉淀设施 : 无|\n封堵(引流)计划 : 有"
      }
    },
    {
      "type": "Feature",
      "geometry": {
        "type": "Point",
        "coordinates": [
          116.57116413,
          40.26981754
        ]
      },
      "properties": {
        "name": "王史山桥下游",
        "type": "史山所--雨水口",
        "params": {
          "备注": "",
          "桩号(Km+m)": "34+026",
          "方涵或管涵尺寸(m)": "1Φ0.8",
          "上游集水面积(m2)": "2000",
          "排水性质": "雨水",
          "有无沉淀设施": "无",
          "封堵(引流)计划": "无"
        },
        "photos": [],
        "description": "备注 : |\n桩号(Km+m) : 34+026|\n方涵或管涵尺寸(m) : 1Φ0.8|\n上游集水面积(m2) : 2000|\n排水性质 : 雨水|\n有无沉淀设施 : 无|\n封堵(引流)计划 : 无"
      }
    },
    {
      "type": "Feature",
      "geometry": {
        "type": "Point",
        "coordinates": [
          116.56729102,
          40.26321095
        ]
      },
      "properties": {
        "name": "李史山节制闸下游",
        "type": "史山所--雨水口",
        "params": {
          "备注": "",
          "桩号(Km+m)": "34+690",
          "方涵或管涵尺寸(m)": "1.4*1.4",
          "上游集水面积(m2)": "3000",
          "排水性质": "雨水",
          "有无沉淀设施": "无",
          "封堵(引流)计划": "无"
        },
        "photos": [],
        "description": "备注 : |\n桩号(Km+m) : 34+690|\n方涵或管涵尺寸(m) : 1.4*1.4|\n上游集水面积(m2) : 3000|\n排水性质 : 雨水|\n有无沉淀设施 : 无|\n封堵(引流)计划 : 无"
      }
    },
    {
      "type": "Feature",
      "geometry": {
        "type": "Point",
        "coordinates": [
          116.53405443,
          40.24704687
        ]
      },
      "properties": {
        "name": "东石槽桥上游",
        "type": "史山所--雨水口",
        "params": {
          "备注": "",
          "桩号(Km+m)": "38+135",
          "方涵或管涵尺寸(m)": "0.4",
          "上游集水面积(m2)": "已封堵",
          "排水性质": "雨水",
          "有无沉淀设施": "无",
          "封堵(引流)计划": "无"
        },
        "photos": [],
        "description": "备注 : |\n桩号(Km+m) : 38+135|\n方涵或管涵尺寸(m) : 0.4|\n上游集水面积(m2) : 已封堵|\n排水性质 : 雨水|\n有无沉淀设施 : 无|\n封堵(引流)计划 : 无"
      }
    },
    {
      "type": "Feature",
      "geometry": {
        "type": "Point",
        "coordinates": [
          116.52887106,
          40.24304337
        ]
      },
      "properties": {
        "name": "天北桥上游右岸1",
        "type": "史山所--雨水口",
        "params": {
          "备注": "",
          "桩号(Km+m)": "38+725",
          "方涵或管涵尺寸(m)": "1.0*0.7",
          "上游集水面积(m2)": "2100",
          "排水性质": "雨水",
          "有无沉淀设施": "无",
          "封堵(引流)计划": "无"
        },
        "photos": [],
        "description": "备注 : |\n桩号(Km+m) : 38+725|\n方涵或管涵尺寸(m) : 1.0*0.7|\n上游集水面积(m2) : 2100|\n排水性质 : 雨水|\n有无沉淀设施 : 无|\n封堵(引流)计划 : 无"
      }
    },
    {
      "type": "Feature",
      "geometry": {
        "type": "Point",
        "coordinates": [
          116.52687549,
          40.24149964
        ]
      },
      "properties": {
        "name": "天北桥上游右岸2",
        "type": "史山所--雨水口",
        "params": {
          "备注": "",
          "桩号(Km+m)": "39+000",
          "方涵或管涵尺寸(m)": "1.5*0.7",
          "上游集水面积(m2)": "1600",
          "排水性质": "雨水",
          "有无沉淀设施": "无",
          "封堵(引流)计划": "无"
        },
        "photos": [],
        "description": "备注 : |\n桩号(Km+m) : 39+000|\n方涵或管涵尺寸(m) : 1.5*0.7|\n上游集水面积(m2) : 1600|\n排水性质 : 雨水|\n有无沉淀设施 : 无|\n封堵(引流)计划 : 无"
      }
    },
    {
      "type": "Feature",
      "geometry": {
        "type": "Point",
        "coordinates": [
          116.52570606,
          40.2406643
        ]
      },
      "properties": {
        "name": "天北桥上游右岸3",
        "type": "史山所--雨水口",
        "params": {
          "备注": "",
          "桩号(Km+m)": "39+105",
          "方涵或管涵尺寸(m)": "2Φ0.8",
          "上游集水面积(m2)": "已封堵",
          "排水性质": "雨水",
          "有无沉淀设施": "无",
          "封堵(引流)计划": "无"
        },
        "photos": [],
        "description": "备注 : |\n桩号(Km+m) : 39+105|\n方涵或管涵尺寸(m) : 2Φ0.8|\n上游集水面积(m2) : 已封堵|\n排水性质 : 雨水|\n有无沉淀设施 : 无|\n封堵(引流)计划 : 无"
      }
    },
    {
      "type": "Feature",
      "geometry": {
        "type": "Point",
        "coordinates": [
          116.47708565,
          40.23714672
        ]
      },
      "properties": {
        "name": "半壁店排水口",
        "type": "龙山管理所--雨水口",
        "params": {
          "备注": "",
          "桩号(Km+m)": "43+517",
          "方涵或管涵尺寸(m)": "1.6*1.2",
          "上游集水面积(m2)": "630.0",
          "排水性质": "雨水",
          "有无沉淀设施": "无",
          "封堵(引流)计划": "有"
        },
        "photos": [],
        "description": "备注 : |\n桩号(Km+m) : 43+517|\n方涵或管涵尺寸(m) : 1.6*1.2|\n上游集水面积(m2) : 630.0|\n排水性质 : 雨水|\n有无沉淀设施 : 无|\n封堵(引流)计划 : 有"
      }
    },
    {
      "type": "Feature",
      "geometry": {
        "type": "Point",
        "coordinates": [
          116.47546292,
          40.23713955
        ]
      },
      "properties": {
        "name": "半壁店山洪口",
        "type": "龙山管理所--雨水口",
        "params": {
          "备注": "",
          "桩号(Km+m)": "43+654",
          "方涵或管涵尺寸(m)": "2*3*2",
          "上游集水面积(m2)": "570.0",
          "排水性质": "雨水",
          "有无沉淀设施": "有",
          "封堵(引流)计划": "有"
        },
        "photos": [],
        "description": "备注 : |\n桩号(Km+m) : 43+654|\n方涵或管涵尺寸(m) : 2*3*2|\n上游集水面积(m2) : 570.0|\n排水性质 : 雨水|\n有无沉淀设施 : 有|\n封堵(引流)计划 : 有"
      }
    },
    {
      "type": "Feature",
      "geometry": {
        "type": "Point",
        "coordinates": [
          116.47182584,
          40.23706072
        ]
      },
      "properties": {
        "name": "暴峪泉排水口",
        "type": "龙山管理所--雨水口",
        "params": {
          "备注": "",
          "桩号(Km+m)": "43+962",
          "方涵或管涵尺寸(m)": "3*3*1.4",
          "上游集水面积(m2)": "762.0",
          "排水性质": "雨水",
          "有无沉淀设施": "无",
          "封堵(引流)计划": "有"
        },
        "photos": [],
        "description": "备注 : |\n桩号(Km+m) : 43+962|\n方涵或管涵尺寸(m) : 3*3*1.4|\n上游集水面积(m2) : 762.0|\n排水性质 : 雨水|\n有无沉淀设施 : 无|\n封堵(引流)计划 : 有"
      }
    },
    {
      "type": "Feature",
      "geometry": {
        "type": "Point",
        "coordinates": [
          116.4619124,
          40.23438965
        ]
      },
      "properties": {
        "name": "暴峪泉雨洪口1",
        "type": "龙山管理所--雨水口",
        "params": {
          "备注": "",
          "桩号(Km+m)": "44+991",
          "方涵或管涵尺寸(m)": "1*1.6",
          "上游集水面积(m2)": "1962.0",
          "排水性质": "雨水",
          "有无沉淀设施": "无",
          "封堵(引流)计划": "有"
        },
        "photos": [],
        "description": "备注 : |\n桩号(Km+m) : 44+991|\n方涵或管涵尺寸(m) : 1*1.6|\n上游集水面积(m2) : 1962.0|\n排水性质 : 雨水|\n有无沉淀设施 : 无|\n封堵(引流)计划 : 有"
      }
    },
    {
      "type": "Feature",
      "geometry": {
        "type": "Point",
        "coordinates": [
          116.45250321,
          40.23158948
        ]
      },
      "properties": {
        "name": "上苑桥上游",
        "type": "龙山管理所--雨水口",
        "params": {
          "备注": "",
          "桩号(Km+m)": "45+715",
          "方涵或管涵尺寸(m)": "1.5*1",
          "上游集水面积(m2)": "",
          "排水性质": "雨水",
          "有无沉淀设施": "无",
          "封堵(引流)计划": "有"
        },
        "photos": [],
        "description": "备注 : |\n桩号(Km+m) : 45+715|\n方涵或管涵尺寸(m) : 1.5*1|\n上游集水面积(m2) : |\n排水性质 : 雨水|\n有无沉淀设施 : 无|\n封堵(引流)计划 : 有"
      }
    },
    {
      "type": "Feature",
      "geometry": {
        "type": "Point",
        "coordinates": [
          116.44996047,
          40.23038336
        ]
      },
      "properties": {
        "name": "上苑桥下游1",
        "type": "龙山管理所--雨水口",
        "params": {
          "备注": "",
          "桩号(Km+m)": "45+969",
          "方涵或管涵尺寸(m)": "1.4*1.7",
          "上游集水面积(m2)": "",
          "排水性质": "雨水",
          "有无沉淀设施": "无",
          "封堵(引流)计划": "有"
        },
        "photos": [],
        "description": "备注 : |\n桩号(Km+m) : 45+969|\n方涵或管涵尺寸(m) : 1.4*1.7|\n上游集水面积(m2) : |\n排水性质 : 雨水|\n有无沉淀设施 : 无|\n封堵(引流)计划 : 有"
      }
    },
    {
      "type": "Feature",
      "geometry": {
        "type": "Point",
        "coordinates": [
          116.44829214,
          40.22932877
        ]
      },
      "properties": {
        "name": "上苑桥下游2",
        "type": "龙山管理所--雨水口",
        "params": {
          "备注": "",
          "桩号(Km+m)": "46+153",
          "方涵或管涵尺寸(m)": "0.8*2.3",
          "上游集水面积(m2)": "",
          "排水性质": "雨水",
          "有无沉淀设施": "无",
          "封堵(引流)计划": "有"
        },
        "photos": [],
        "description": "备注 : |\n桩号(Km+m) : 46+153|\n方涵或管涵尺寸(m) : 0.8*2.3|\n上游集水面积(m2) : |\n排水性质 : 雨水|\n有无沉淀设施 : 无|\n封堵(引流)计划 : 有"
      }
    },
    {
      "type": "Feature",
      "geometry": {
        "type": "Point",
        "coordinates": [
          116.44698992,
          40.22860385
        ]
      },
      "properties": {
        "name": "上苑桥下游3",
        "type": "龙山管理所--雨水口",
        "params": {
          "备注": "",
          "桩号(Km+m)": "46+281",
          "方涵或管涵尺寸(m)": "2*1.3",
          "上游集水面积(m2)": "",
          "排水性质": "雨水",
          "有无沉淀设施": "无",
          "封堵(引流)计划": "有"
        },
        "photos": [],
        "description": "备注 : |\n桩号(Km+m) : 46+281|\n方涵或管涵尺寸(m) : 2*1.3|\n上游集水面积(m2) : |\n排水性质 : 雨水|\n有无沉淀设施 : 无|\n封堵(引流)计划 : 有"
      }
    },
    {
      "type": "Feature",
      "geometry": {
        "type": "Point",
        "coordinates": [
          116.4420265,
          40.22731476
        ]
      },
      "properties": {
        "name": "石粉厂排水口2",
        "type": "龙山管理所--雨水口",
        "params": {
          "备注": "",
          "桩号(Km+m)": "46+736",
          "方涵或管涵尺寸(m)": "1.5*1.3",
          "上游集水面积(m2)": "",
          "排水性质": "雨水",
          "有无沉淀设施": "无",
          "封堵(引流)计划": "有"
        },
        "photos": [],
        "description": "备注 : |\n桩号(Km+m) : 46+736|\n方涵或管涵尺寸(m) : 1.5*1.3|\n上游集水面积(m2) : |\n排水性质 : 雨水|\n有无沉淀设施 : 无|\n封堵(引流)计划 : 有"
      }
    },
    {
      "type": "Feature",
      "geometry": {
        "type": "Point",
        "coordinates": [
          116.44210294,
          40.22697685
        ]
      },
      "properties": {
        "name": "石粉厂排水口1",
        "type": "龙山管理所--雨水口",
        "params": {
          "备注": "",
          "桩号(Km+m)": "46+741",
          "方涵或管涵尺寸(m)": "1.5*1.3",
          "上游集水面积(m2)": "",
          "排水性质": "雨水",
          "有无沉淀设施": "无",
          "封堵(引流)计划": "有"
        },
        "photos": [],
        "description": "备注 : |\n桩号(Km+m) : 46+741|\n方涵或管涵尺寸(m) : 1.5*1.3|\n上游集水面积(m2) : |\n排水性质 : 雨水|\n有无沉淀设施 : 无|\n封堵(引流)计划 : 有"
      }
    },
    {
      "type": "Feature",
      "geometry": {
        "type": "Point",
        "coordinates": [
          116.4420265,
          40.22731476
        ]
      },
      "properties": {
        "name": "桃峪口路口",
        "type": "龙山管理所--雨水口",
        "params": {
          "备注": "",
          "桩号(Km+m)": "47+273",
          "方涵或管涵尺寸(m)": "1.9*2.6",
          "上游集水面积(m2)": "",
          "排水性质": "污水",
          "有无沉淀设施": "无",
          "封堵(引流)计划": "有"
        },
        "photos": [],
        "description": "备注 : |\n桩号(Km+m) : 47+273|\n方涵或管涵尺寸(m) : 1.9*2.6|\n上游集水面积(m2) : |\n排水性质 : 污水|\n有无沉淀设施 : 无|\n封堵(引流)计划 : 有"
      }
    },
    {
      "type": "Feature",
      "geometry": {
        "type": "Point",
        "coordinates": [
          116.43218011,
          40.22678129
        ]
      },
      "properties": {
        "name": "辛庄村排水涵洞",
        "type": "龙山管理所--雨水口",
        "params": {
          "备注": "",
          "桩号(Km+m)": "47+576",
          "方涵或管涵尺寸(m)": "",
          "上游集水面积(m2)": "",
          "排水性质": "雨水",
          "有无沉淀设施": "无",
          "封堵(引流)计划": "有"
        },
        "photos": [],
        "description": "备注 : |\n桩号(Km+m) : 47+576|\n方涵或管涵尺寸(m) : |\n上游集水面积(m2) : |\n排水性质 : 雨水|\n有无沉淀设施 : 无|\n封堵(引流)计划 : 有"
      }
    },
    {
      "type": "Feature",
      "geometry": {
        "type": "Point",
        "coordinates": [
          116.42949253,
          40.2258106
        ]
      },
      "properties": {
        "name": "辛庄村后排水口",
        "type": "龙山管理所--雨水口",
        "params": {
          "备注": "",
          "桩号(Km+m)": "47+828",
          "方涵或管涵尺寸(m)": "1.5*2.0",
          "上游集水面积(m2)": "",
          "排水性质": "雨水",
          "有无沉淀设施": "无",
          "封堵(引流)计划": "有"
        },
        "photos": [],
        "description": "备注 : |\n桩号(Km+m) : 47+828|\n方涵或管涵尺寸(m) : 1.5*2.0|\n上游集水面积(m2) : |\n排水性质 : 雨水|\n有无沉淀设施 : 无|\n封堵(引流)计划 : 有"
      }
    },
    {
      "type": "Feature",
      "geometry": {
        "type": "Point",
        "coordinates": [
          116.33516192,
          40.20273935
        ]
      },
      "properties": {
        "name": "大辛峰入洪口1",
        "type": "龙山管理所--雨水口",
        "params": {
          "备注": "",
          "桩号(Km+m)": "57+199",
          "方涵或管涵尺寸(m)": "1.2*1.2",
          "上游集水面积(m2)": "750.0",
          "排水性质": "雨水",
          "有无沉淀设施": "无",
          "封堵(引流)计划": "有"
        },
        "photos": [],
        "description": "备注 : |\n桩号(Km+m) : 57+199|\n方涵或管涵尺寸(m) : 1.2*1.2|\n上游集水面积(m2) : 750.0|\n排水性质 : 雨水|\n有无沉淀设施 : 无|\n封堵(引流)计划 : 有"
      }
    },
    {
      "type": "Feature",
      "geometry": {
        "type": "Point",
        "coordinates": [
          116.33433581,
          40.20257546
        ]
      },
      "properties": {
        "name": "大辛峰入洪口2",
        "type": "龙山管理所--雨水口",
        "params": {
          "备注": "",
          "桩号(Km+m)": "57+287",
          "方涵或管涵尺寸(m)": "1Φ1.0",
          "上游集水面积(m2)": "",
          "排水性质": "雨水",
          "有无沉淀设施": "无",
          "封堵(引流)计划": "有"
        },
        "photos": [],
        "description": "备注 : |\n桩号(Km+m) : 57+287|\n方涵或管涵尺寸(m) : 1Φ1.0|\n上游集水面积(m2) : |\n排水性质 : 雨水|\n有无沉淀设施 : 无|\n封堵(引流)计划 : 有"
      }
    },
    {
      "type": "Feature",
      "geometry": {
        "type": "Point",
        "coordinates": [
          116.33338094,
          40.20219852
        ]
      },
      "properties": {
        "name": "大辛峰入洪口3",
        "type": "龙山管理所--雨水口",
        "params": {
          "备注": "",
          "桩号(Km+m)": "57+436",
          "方涵或管涵尺寸(m)": "1Φ1.2",
          "上游集水面积(m2)": "",
          "排水性质": "雨水",
          "有无沉淀设施": "无",
          "封堵(引流)计划": "有"
        },
        "photos": [],
        "description": "备注 : |\n桩号(Km+m) : 57+436|\n方涵或管涵尺寸(m) : 1Φ1.2|\n上游集水面积(m2) : |\n排水性质 : 雨水|\n有无沉淀设施 : 无|\n封堵(引流)计划 : 有"
      }
    },
    {
      "type": "Feature",
      "geometry": {
        "type": "Point",
        "coordinates": [
          116.33201838,
          40.20170685
        ]
      },
      "properties": {
        "name": "大辛峰入洪口4",
        "type": "龙山管理所--雨水口",
        "params": {
          "备注": "",
          "桩号(Km+m)": "57+570",
          "方涵或管涵尺寸(m)": "1Φ1.0",
          "上游集水面积(m2)": "",
          "排水性质": "雨水",
          "有无沉淀设施": "无",
          "封堵(引流)计划": "有"
        },
        "photos": [],
        "description": "备注 : |\n桩号(Km+m) : 57+570|\n方涵或管涵尺寸(m) : 1Φ1.0|\n上游集水面积(m2) : |\n排水性质 : 雨水|\n有无沉淀设施 : 无|\n封堵(引流)计划 : 有"
      }
    },
    {
      "type": "Feature",
      "geometry": {
        "type": "Point",
        "coordinates": [
          116.32971168,
          40.20110866
        ]
      },
      "properties": {
        "name": "大辛峰入洪口5",
        "type": "龙山管理所--雨水口",
        "params": {
          "备注": "",
          "桩号(Km+m)": "57+810",
          "方涵或管涵尺寸(m)": "1.8*1.5",
          "上游集水面积(m2)": "",
          "排水性质": "雨水",
          "有无沉淀设施": "无",
          "封堵(引流)计划": "有"
        },
        "photos": [],
        "description": "备注 : |\n桩号(Km+m) : 57+810|\n方涵或管涵尺寸(m) : 1.8*1.5|\n上游集水面积(m2) : |\n排水性质 : 雨水|\n有无沉淀设施 : 无|\n封堵(引流)计划 : 有"
      }
    },
    {
      "type": "Feature",
      "geometry": {
        "type": "Point",
        "coordinates": [
          116.26165062,
          40.19024597
        ]
      },
      "properties": {
        "name": "景文屯大车桥上游",
        "type": "龙山管理所--雨水口",
        "params": {
          "备注": "",
          "桩号(Km+m)": "63+956",
          "方涵或管涵尺寸(m)": "1Φ0.5",
          "上游集水面积(m2)": "",
          "排水性质": "污水",
          "有无沉淀设施": "无",
          "封堵(引流)计划": "有"
        },
        "photos": [],
        "description": "备注 : |\n桩号(Km+m) : 63+956|\n方涵或管涵尺寸(m) : 1Φ0.5|\n上游集水面积(m2) : |\n排水性质 : 污水|\n有无沉淀设施 : 无|\n封堵(引流)计划 : 有"
      }
    },
    {
      "type": "Feature",
      "geometry": {
        "type": "Point",
        "coordinates": [
          116.24605358,
          40.19051848
        ]
      },
      "properties": {
        "name": "汇佳学校门口",
        "type": "龙山管理所--雨水口",
        "params": {
          "备注": "",
          "桩号(Km+m)": "65+281",
          "方涵或管涵尺寸(m)": "",
          "上游集水面积(m2)": "",
          "排水性质": "雨水",
          "有无沉淀设施": "无",
          "封堵(引流)计划": "有"
        },
        "photos": [],
        "description": "备注 : |\n桩号(Km+m) : 65+281|\n方涵或管涵尺寸(m) : |\n上游集水面积(m2) : |\n排水性质 : 雨水|\n有无沉淀设施 : 无|\n封堵(引流)计划 : 有"
      }
    },
    {
      "type": "Feature",
      "geometry": {
        "type": "Point",
        "coordinates": [
          116.24063015,
          40.1905738
        ]
      },
      "properties": {
        "name": "老砖厂入水口",
        "type": "龙山管理所--雨水口",
        "params": {
          "备注": "",
          "桩号(Km+m)": "65+746",
          "方涵或管涵尺寸(m)": "4*2.7",
          "上游集水面积(m2)": "5900.0",
          "排水性质": "雨水",
          "有无沉淀设施": "无",
          "封堵(引流)计划": "有"
        },
        "photos": [],
        "description": "备注 : |\n桩号(Km+m) : 65+746|\n方涵或管涵尺寸(m) : 4*2.7|\n上游集水面积(m2) : 5900.0|\n排水性质 : 雨水|\n有无沉淀设施 : 无|\n封堵(引流)计划 : 有"
      }
    },
    {
      "type": "Feature",
      "geometry": {
        "type": "Point",
        "coordinates": [
          116.23356789,
          40.19049697
        ]
      },
      "properties": {
        "name": "老二毛入水口",
        "type": "龙山管理所--雨水口",
        "params": {
          "备注": "",
          "桩号(Km+m)": "66+360",
          "方涵或管涵尺寸(m)": "3.8*1.7",
          "上游集水面积(m2)": "",
          "排水性质": "雨水",
          "有无沉淀设施": "有",
          "封堵(引流)计划": "有"
        },
        "photos": [],
        "description": "备注 : |\n桩号(Km+m) : 66+360|\n方涵或管涵尺寸(m) : 3.8*1.7|\n上游集水面积(m2) : |\n排水性质 : 雨水|\n有无沉淀设施 : 有|\n封堵(引流)计划 : 有"
      }
    },
    {
      "type": "Feature",
      "geometry": {
        "type": "Point",
        "coordinates": [
          116.42851084,
          40.2252546
        ]
      },
      "properties": {
        "name": "桃林扬水闸",
        "type": "龙山管理所--扬水闸",
        "params": {
          "备注": "",
          "桩号(Km+m)": "47+929",
          "设计流量(m3/s)": "0.7",
          "校核流量(m3/s)": "",
          "设计水位(m)": "",
          "闸槛高程(m)": "49.6",
          "闸门重量(t)": "",
          "启闭机型号": "QLC-2A2t",
          "闸门规格(孔-宽*高m)": "1-φ80",
          "鉴定及改造情况": "2024年已鉴定"
        },
        "photos": [],
        "description": "备注 : |\n桩号(Km+m) : 47+929|\n设计流量(m3/s) : 0.7|\n校核流量(m3/s) : |\n设计水位(m) : |\n闸槛高程(m) : 49.6|\n闸门重量(t) : |\n启闭机型号 : QLC-2A2t|\n闸门规格(孔-宽*高m) : 1-φ80|\n鉴定及改造情况 : 2024年已鉴定"
      }
    },
    {
      "type": "Feature",
      "geometry": {
        "type": "Point",
        "coordinates": [
          116.37486666,
          40.22704546
        ]
      },
      "properties": {
        "name": "麻峪扬水闸",
        "type": "龙山管理所--扬水闸",
        "params": {
          "备注": "",
          "桩号(Km+m)": "52+818",
          "设计流量(m3/s)": "",
          "校核流量(m3/s)": "",
          "设计水位(m)": "",
          "闸槛高程(m)": "",
          "闸门重量(t)": "",
          "启闭机型号": "QLC-2A2t",
          "闸门规格(孔-宽*高m)": "1-1*1.5",
          "鉴定及改造情况": "2024年已鉴定"
        },
        "photos": [],
        "description": "备注 : |\n桩号(Km+m) : 52+818|\n设计流量(m3/s) : |\n校核流量(m3/s) : |\n设计水位(m) : |\n闸槛高程(m) : |\n闸门重量(t) : |\n启闭机型号 : QLC-2A2t|\n闸门规格(孔-宽*高m) : 1-1*1.5|\n鉴定及改造情况 : 2024年已鉴定"
      }
    },
    {
      "type": "Feature",
      "geometry": {
        "type": "Point",
        "coordinates": [
          116.36431485,
          40.22411289
        ]
      },
      "properties": {
        "name": "香堂扬水闸（口）",
        "type": "龙山管理所--扬水闸",
        "params": {
          "备注": "",
          "桩号(Km+m)": "53+690",
          "设计流量(m3/s)": "",
          "校核流量(m3/s)": "",
          "设计水位(m)": "",
          "闸槛高程(m)": "",
          "闸门重量(t)": "",
          "启闭机型号": "",
          "闸门规格(孔-宽*高m)": "",
          "鉴定及改造情况": "2024年已鉴定"
        },
        "photos": [],
        "description": "备注 : |\n桩号(Km+m) : 53+690|\n设计流量(m3/s) : |\n校核流量(m3/s) : |\n设计水位(m) : |\n闸槛高程(m) : |\n闸门重量(t) : |\n启闭机型号 : |\n闸门规格(孔-宽*高m) : |\n鉴定及改造情况 : 2024年已鉴定"
      }
    },
    {
      "type": "Feature",
      "geometry": {
        "type": "Point",
        "coordinates": [
          116.31291837,
          40.20326993
        ]
      },
      "properties": {
        "name": "大山口扬水闸",
        "type": "龙山管理所--扬水闸",
        "params": {
          "备注": "",
          "桩号(Km+m)": "59+352",
          "设计流量(m3/s)": "",
          "校核流量(m3/s)": "",
          "设计水位(m)": "",
          "闸槛高程(m)": "",
          "闸门重量(t)": "",
          "启闭机型号": "",
          "闸门规格(孔-宽*高m)": "",
          "鉴定及改造情况": "撞毁"
        },
        "photos": [],
        "description": "备注 : |\n桩号(Km+m) : 59+352|\n设计流量(m3/s) : |\n校核流量(m3/s) : |\n设计水位(m) : |\n闸槛高程(m) : |\n闸门重量(t) : |\n启闭机型号 : |\n闸门规格(孔-宽*高m) : |\n鉴定及改造情况 : 撞毁"
      }
    },
    {
      "type": "Feature",
      "geometry": {
        "type": "Point",
        "coordinates": [
          116.23552457,
          40.19050619
        ]
      },
      "properties": {
        "name": "科技园区扬水闸",
        "type": "龙山管理所--扬水闸",
        "params": {
          "备注": "",
          "桩号(Km+m)": "66+203",
          "设计流量(m3/s)": "",
          "校核流量(m3/s)": "",
          "设计水位(m)": "",
          "闸槛高程(m)": "",
          "闸门重量(t)": "",
          "启闭机型号": "QLC-2A2t",
          "闸门规格(孔-宽*高m)": "1-1*1.5",
          "鉴定及改造情况": "2024年已鉴定"
        },
        "photos": [],
        "description": "备注 : |\n桩号(Km+m) : 66+203|\n设计流量(m3/s) : |\n校核流量(m3/s) : |\n设计水位(m) : |\n闸槛高程(m) : |\n闸门重量(t) : |\n启闭机型号 : QLC-2A2t|\n闸门规格(孔-宽*高m) : 1-1*1.5|\n鉴定及改造情况 : 2024年已鉴定"
      }
    },
    {
      "type": "Feature",
      "geometry": {
        "type": "Point",
        "coordinates": [
          116.23356789,
          40.19049697
        ]
      },
      "properties": {
        "name": "二毛扬水口",
        "type": "龙山管理所--扬水闸",
        "params": {
          "备注": "",
          "桩号(Km+m)": "66+360",
          "设计流量(m3/s)": "",
          "校核流量(m3/s)": "",
          "设计水位(m)": "",
          "闸槛高程(m)": "",
          "闸门重量(t)": "",
          "启闭机型号": "",
          "闸门规格(孔-宽*高m)": "",
          "鉴定及改造情况": "2024年已鉴定"
        },
        "photos": [],
        "description": "备注 : |\n桩号(Km+m) : 66+360|\n设计流量(m3/s) : |\n校核流量(m3/s) : |\n设计水位(m) : |\n闸槛高程(m) : |\n闸门重量(t) : |\n启闭机型号 : |\n闸门规格(孔-宽*高m) : |\n鉴定及改造情况 : 2024年已鉴定"
      }
    },
    {
      "type": "Feature",
      "geometry": {
        "type": "Point",
        "coordinates": [
          116.22972161,
          40.18916207
        ]
      },
      "properties": {
        "name": "白浮桥东扬水闸",
        "type": "龙山管理所--扬水闸",
        "params": {
          "备注": "",
          "桩号(Km+m)": "66+699",
          "设计流量(m3/s)": "0.5",
          "校核流量(m3/s)": "",
          "设计水位(m)": "",
          "闸槛高程(m)": "49.08",
          "闸门重量(t)": "",
          "启闭机型号": "QLC-2A2t",
          "闸门规格(孔-宽*高m)": "1-1*1.5",
          "鉴定及改造情况": "2024年已鉴定"
        },
        "photos": [],
        "description": "备注 : |\n桩号(Km+m) : 66+699|\n设计流量(m3/s) : 0.5|\n校核流量(m3/s) : |\n设计水位(m) : |\n闸槛高程(m) : 49.08|\n闸门重量(t) : |\n启闭机型号 : QLC-2A2t|\n闸门规格(孔-宽*高m) : 1-1*1.5|\n鉴定及改造情况 : 2024年已鉴定"
      }
    },
    {
      "type": "Feature",
      "geometry": {
        "type": "Point",
        "coordinates": [
          116.4561832,
          40.23141338
        ]
      },
      "properties": {
        "name": "秦屯泄洪闸",
        "type": "龙山管理所--泄洪闸",
        "params": {
          "备注": "",
          "桩号(Km+m)": "45+423",
          "设计流量(m3/s)": "239.0",
          "校核流量(m3/s)": "388.0",
          "设计水位(m)": "52.24",
          "闸槛高程(m)": "47.82",
          "闸门重量(t)": "12.1",
          "启闭机型号": "JZ12-6",
          "闸门规格(孔-宽*高m)": "3-6*5",
          "鉴定及改造情况": "四类闸",
          "所涉河流": "秦屯河"
        },
        "photos": [],
        "description": "备注 : |\n桩号(Km+m) : 45+423|\n设计流量(m3/s) : 239.0|\n校核流量(m3/s) : 388.0|\n设计水位(m) : 52.24|\n闸槛高程(m) : 47.82|\n闸门重量(t) : 12.1|\n启闭机型号 : JZ12-6|\n闸门规格(孔-宽*高m) : 3-6*5|\n鉴定及改造情况 : 四类闸|\n所涉河流 : 秦屯河"
      }
    },
    {
      "type": "Feature",
      "geometry": {
        "type": "Point",
        "coordinates": [
          116.41141311,
          40.22202089
        ]
      },
      "properties": {
        "name": "兴寿泄洪闸",
        "type": "龙山管理所--泄洪闸",
        "params": {
          "备注": "",
          "桩号(Km+m)": "49+483",
          "设计流量(m3/s)": "5.0",
          "校核流量(m3/s)": "",
          "设计水位(m)": "52.35",
          "闸槛高程(m)": "49.71",
          "闸门重量(t)": "1.2",
          "启闭机型号": "QLC—3A",
          "闸门规格(孔-宽*高m)": "1.5*1.5",
          "鉴定及改造情况": "三类闸",
          "所涉河流": "蔺沟"
        },
        "photos": [],
        "description": "备注 : |\n桩号(Km+m) : 49+483|\n设计流量(m3/s) : 5.0|\n校核流量(m3/s) : |\n设计水位(m) : 52.35|\n闸槛高程(m) : 49.71|\n闸门重量(t) : 1.2|\n启闭机型号 : QLC—3A|\n闸门规格(孔-宽*高m) : 1.5*1.5|\n鉴定及改造情况 : 三类闸|\n所涉河流 : 蔺沟"
      }
    },
    {
      "type": "Feature",
      "geometry": {
        "type": "Point",
        "coordinates": [
          116.45619794,
          40.23138777
        ]
      },
      "properties": {
        "name": "东崔村泄洪闸",
        "type": "龙山管理所--泄洪闸",
        "params": {
          "备注": "",
          "桩号(Km+m)": "54+090",
          "设计流量(m3/s)": "25.4",
          "校核流量(m3/s)": "52.31",
          "设计水位(m)": "51.81",
          "闸槛高程(m)": "49.31",
          "闸门重量(t)": "1.36",
          "启闭机型号": "YZ132M1-6",
          "闸门规格(孔-宽*高m)": "5*2.8",
          "鉴定及改造情况": "二类闸",
          "所涉河流": "南庄水库"
        },
        "photos": [],
        "description": "备注 : |\n桩号(Km+m) : 54+090|\n设计流量(m3/s) : 25.4|\n校核流量(m3/s) : 52.31|\n设计水位(m) : 51.81|\n闸槛高程(m) : 49.31|\n闸门重量(t) : 1.36|\n启闭机型号 : YZ132M1-6|\n闸门规格(孔-宽*高m) : 5*2.8|\n鉴定及改造情况 : 二类闸|\n所涉河流 : 南庄水库"
      }
    },
    {
      "type": "Feature",
      "geometry": {
        "type": "Point",
        "coordinates": [
          116.25333176,
          40.19017631
        ]
      },
      "properties": {
        "name": "东沙河泄洪闸",
        "type": "龙山管理所--泄洪闸",
        "params": {
          "备注": "",
          "桩号(Km+m)": "64+664",
          "设计流量(m3/s)": "30.0",
          "校核流量(m3/s)": "",
          "设计水位(m)": "51.95",
          "闸槛高程(m)": "48.68",
          "闸门重量(t)": "1.8",
          "启闭机型号": "QL100-SD",
          "闸门规格(孔-宽*高m)": "2-2.5*3.5",
          "鉴定及改造情况": "二类闸",
          "所涉河流": "东沙河"
        },
        "photos": [],
        "description": "备注 : |\n桩号(Km+m) : 64+664|\n设计流量(m3/s) : 30.0|\n校核流量(m3/s) : |\n设计水位(m) : 51.95|\n闸槛高程(m) : 48.68|\n闸门重量(t) : 1.8|\n启闭机型号 : QL100-SD|\n闸门规格(孔-宽*高m) : 2-2.5*3.5|\n鉴定及改造情况 : 二类闸|\n所涉河流 : 东沙河"
      }
    },
    {
      "type": "Feature",
      "geometry": {
        "type": "Point",
        "coordinates": [
          116.33932606,
          40.20639903
        ]
      },
      "properties": {
        "name": "大辛峰山洪桥",
        "type": "龙山管理所--山洪桥",
        "params": {
          "备注": "",
          "桩号(km)": "56+699",
          "长(m)": "32",
          "宽(m)": "12",
          "设计荷载(t)": "公路-Ⅱ级",
          "建成时间": "2014年翻建",
          "所涉河流": "无"
        },
        "photos": [],
        "description": "备注 : |\n桩号(km) : 56+699|\n长(m) : 32|\n宽(m) : 12|\n设计荷载(t) : 公路-Ⅱ级|\n建成时间 : 2014年翻建|\n所涉河流 : 无"
      }
    },
    {
      "type": "Feature",
      "geometry": {
        "type": "Point",
        "coordinates": [
          116.32859319,
          40.20124182
        ]
      },
      "properties": {
        "name": "小辛峰山洪桥",
        "type": "龙山管理所--山洪桥",
        "params": {
          "备注": "",
          "桩号(km)": "57+906",
          "长(m)": "4*8",
          "宽(m)": "5",
          "设计荷载(t)": "公路-Ⅱ级",
          "建成时间": "2013年翻建",
          "所涉河流": "无"
        },
        "photos": [],
        "description": "备注 : |\n桩号(km) : 57+906|\n长(m) : 4*8|\n宽(m) : 5|\n设计荷载(t) : 公路-Ⅱ级|\n建成时间 : 2013年翻建|\n所涉河流 : 无"
      }
    },
    {
      "type": "Feature",
      "geometry": {
        "type": "Point",
        "coordinates": [
          116.32351846,
          40.20233373
        ]
      },
      "properties": {
        "name": "棉山东山洪桥",
        "type": "龙山管理所--山洪桥",
        "params": {
          "备注": "",
          "桩号(km)": "58+353",
          "长(m)": "4*8",
          "宽(m)": "5",
          "设计荷载(t)": "公路-Ⅱ级",
          "建成时间": "2013年翻建",
          "所涉河流": "无"
        },
        "photos": [],
        "description": "备注 : |\n桩号(km) : 58+353|\n长(m) : 4*8|\n宽(m) : 5|\n设计荷载(t) : 公路-Ⅱ级|\n建成时间 : 2013年翻建|\n所涉河流 : 无"
      }
    },
    {
      "type": "Feature",
      "geometry": {
        "type": "Point",
        "coordinates": [
          116.32086307,
          40.2028766
        ]
      },
      "properties": {
        "name": "棉山山洪桥",
        "type": "龙山管理所--山洪桥",
        "params": {
          "备注": "",
          "桩号(km)": "58+588",
          "长(m)": "4*8",
          "宽(m)": "5",
          "设计荷载(t)": "公路-Ⅱ级",
          "建成时间": "2013年翻建",
          "所涉河流": "无"
        },
        "photos": [],
        "description": "备注 : |\n桩号(km) : 58+588|\n长(m) : 4*8|\n宽(m) : 5|\n设计荷载(t) : 公路-Ⅱ级|\n建成时间 : 2013年翻建|\n所涉河流 : 无"
      }
    },
    {
      "type": "Feature",
      "geometry": {
        "type": "Point",
        "coordinates": [
          116.41116902,
          40.22223388
        ]
      },
      "properties": {
        "name": "兴寿节制闸",
        "type": "龙山管理所--清污机",
        "params": {
          "备注": "",
          "型号": "HQ4x4.3-75。",
          "安装角度(度)": "75.0",
          "台数": "3",
          "方向": "正向"
        },
        "photos": [],
        "description": "备注 : |\n型号 : HQ4x4.3-75。|\n安装角度(度) : 75.0|\n台数 : 3|\n方向 : 正向"
      }
    },
    {
      "type": "Feature",
      "geometry": {
        "type": "Point",
        "coordinates": [
          116.25305012,
          40.1903812
        ]
      },
      "properties": {
        "name": "东沙河倒虹吸",
        "type": "龙山管理所--清污机",
        "params": {
          "备注": "",
          "型号": "",
          "安装角度(度)": "",
          "台数": "2",
          "方向": "正向"
        },
        "photos": [],
        "description": "备注 : |\n型号 : |\n安装角度(度) : |\n台数 : 2|\n方向 : 正向"
      }
    },
    {
      "type": "Feature",
      "geometry": {
        "type": "Point",
        "coordinates": [
          116.41110599,
          40.22223798
        ]
      },
      "properties": {
        "name": "兴寿节制闸",
        "type": "龙山管理所--节制闸",
        "params": {
          "备注": "",
          "桩号(Km+m)": "49+512",
          "设计流量(m3/s)": "40",
          "闸槛高程(m)": "48.28",
          "闸门结构形式": "平板钢门",
          "闸门规格(孔_宽*高m)": "3—4*4.5",
          "启闭形式": "卷扬式",
          "启闭机型号": "JZ12－6",
          "鉴定及改造情况": "三类闸"
        },
        "photos": [],
        "description": "备注 : |\n桩号(Km+m) : 49+512|\n设计流量(m3/s) : 40|\n闸槛高程(m) : 48.28|\n闸门结构形式 : 平板钢门|\n闸门规格(孔_宽*高m) : 3—4*4.5|\n启闭形式 : 卷扬式|\n启闭机型号 : JZ12－6|\n鉴定及改造情况 : 三类闸"
      }
    },
    {
      "type": "Feature",
      "geometry": {
        "type": "Point",
        "coordinates": [
          116.25302195,
          40.19037301
        ]
      },
      "properties": {
        "name": "东沙河节制闸",
        "type": "龙山管理所--节制闸",
        "params": {
          "备注": "",
          "桩号(Km+m)": "64+697",
          "设计流量(m3/s)": "40",
          "闸槛高程(m)": "47.5",
          "闸门结构形式": "平板钢门",
          "闸门规格(孔_宽*高m)": "2—5*4.0",
          "启闭形式": "卷扬式",
          "启闭机型号": "YZ132M2-6－6",
          "鉴定及改造情况": "二类闸"
        },
        "photos": [],
        "description": "备注 : |\n桩号(Km+m) : 64+697|\n设计流量(m3/s) : 40|\n闸槛高程(m) : 47.5|\n闸门结构形式 : 平板钢门|\n闸门规格(孔_宽*高m) : 2—5*4.0|\n启闭形式 : 卷扬式|\n启闭机型号 : YZ132M2-6－6|\n鉴定及改造情况 : 二类闸"
      }
    },
    {
      "type": "Feature",
      "geometry": {
        "type": "Point",
        "coordinates": [
          116.47721439,
          40.23695016
        ]
      },
      "properties": {
        "name": "半壁店大车桥",
        "type": "龙山管理所--交通桥",
        "params": {
          "备注": "",
          "单位名称": "龙山管理所",
          "序号": "1",
          "桩号": "43+352",
          "长(m)": "40.2",
          "宽(m)": "3.4",
          "设计荷载(T)": "汽3",
          "建成时间": "1961年",
          "产权单位": "北京市京密引水管理处",
          "单位管理": "北京市京密引水管理处",
          "管理协议": "无",
          "结构形式": "砼板梁"
        },
        "photos": [],
        "description": "备注 : |\n单位名称 : 龙山管理所|\n序号 : 1|\n桩号 : 43+352|\n长(m) : 40.2|\n宽(m) : 3.4|\n设计荷载(T) : 汽3|\n建成时间 : 1961年|\n产权单位 : 北京市京密引水管理处|\n单位管理 : 北京市京密引水管理处|\n管理协议 : 无|\n结构形式 : 砼板梁"
      }
    },
    {
      "type": "Feature",
      "geometry": {
        "type": "Point",
        "coordinates": [
          116.46214307,
          40.23427397
        ]
      },
      "properties": {
        "name": "暴峪泉公路桥",
        "type": "龙山管理所--交通桥",
        "params": {
          "备注": "",
          "单位名称": "",
          "序号": "2",
          "桩号": "44+839",
          "长(m)": "40.0",
          "宽(m)": "8.42",
          "设计荷载(T)": "公路Ⅱ级",
          "建成时间": "2006年",
          "产权单位": "北京市昌平区兴寿镇人民政府",
          "单位管理": "北京市昌平区兴寿镇人民政府",
          "管理协议": "有产权移交协议",
          "结构形式": "空心板"
        },
        "photos": [],
        "description": "备注 : |\n单位名称 : |\n序号 : 2|\n桩号 : 44+839|\n长(m) : 40.0|\n宽(m) : 8.42|\n设计荷载(T) : 公路Ⅱ级|\n建成时间 : 2006年|\n产权单位 : 北京市昌平区兴寿镇人民政府|\n单位管理 : 北京市昌平区兴寿镇人民政府|\n管理协议 : 有产权移交协议|\n结构形式 : 空心板"
      }
    },
    {
      "type": "Feature",
      "geometry": {
        "type": "Point",
        "coordinates": [
          116.45663649,
          40.23263584
        ]
      },
      "properties": {
        "name": "秦北路桥",
        "type": "龙山管理所--交通桥",
        "params": {
          "备注": "",
          "单位名称": "",
          "序号": "3",
          "桩号": "",
          "长(m)": "45.04",
          "宽(m)": "24.0",
          "设计荷载(T)": "",
          "建成时间": "2014年",
          "产权单位": "北京市路政局昌平分局",
          "单位管理": "北京市路政局昌平分局",
          "管理协议": "有工程管理协议",
          "结构形式": "T梁"
        },
        "photos": [],
        "description": "备注 : |\n单位名称 : |\n序号 : 3|\n桩号 : |\n长(m) : 45.04|\n宽(m) : 24.0|\n设计荷载(T) : |\n建成时间 : 2014年|\n产权单位 : 北京市路政局昌平分局|\n单位管理 : 北京市路政局昌平分局|\n管理协议 : 有工程管理协议|\n结构形式 : T梁"
      }
    },
    {
      "type": "Feature",
      "geometry": {
        "type": "Point",
        "coordinates": [
          116.4420265,
          40.22731476
        ]
      },
      "properties": {
        "name": "上苑大车桥",
        "type": "龙山管理所--交通桥",
        "params": {
          "备注": "",
          "单位名称": "",
          "序号": "4",
          "桩号": "45+825",
          "长(m)": "40.0",
          "宽(m)": "9.7",
          "设计荷载(T)": "公路Ⅱ级",
          "建成时间": "2007年",
          "产权单位": "北京市昌平区兴寿镇人民政府",
          "单位管理": "北京市昌平区兴寿镇人民政府",
          "管理协议": "有产权移交协议",
          "结构形式": "空心板"
        },
        "photos": [],
        "description": "备注 : |\n单位名称 : |\n序号 : 4|\n桩号 : 45+825|\n长(m) : 40.0|\n宽(m) : 9.7|\n设计荷载(T) : 公路Ⅱ级|\n建成时间 : 2007年|\n产权单位 : 北京市昌平区兴寿镇人民政府|\n单位管理 : 北京市昌平区兴寿镇人民政府|\n管理协议 : 有产权移交协议|\n结构形式 : 空心板"
      }
    },
    {
      "type": "Feature",
      "geometry": {
        "type": "Point",
        "coordinates": [
          116.42419249,
          40.22323227
        ]
      },
      "properties": {
        "name": "桃林公路桥",
        "type": "龙山管理所--交通桥",
        "params": {
          "备注": "",
          "单位名称": "",
          "序号": "5",
          "桩号": "48+359",
          "长(m)": "40.0",
          "宽(m)": "9.7",
          "设计荷载(T)": "公路Ⅱ级",
          "建成时间": "2008年",
          "产权单位": "北京市昌平区兴寿镇人民政府",
          "单位管理": "北京市昌平区兴寿镇人民政府",
          "管理协议": "有产权移交协议",
          "结构形式": "空心板"
        },
        "photos": [],
        "description": "备注 : |\n单位名称 : |\n序号 : 5|\n桩号 : 48+359|\n长(m) : 40.0|\n宽(m) : 9.7|\n设计荷载(T) : 公路Ⅱ级|\n建成时间 : 2008年|\n产权单位 : 北京市昌平区兴寿镇人民政府|\n单位管理 : 北京市昌平区兴寿镇人民政府|\n管理协议 : 有产权移交协议|\n结构形式 : 空心板"
      }
    },
    {
      "type": "Feature",
      "geometry": {
        "type": "Point",
        "coordinates": [
          116.40873492,
          40.22332443
        ]
      },
      "properties": {
        "name": "兴寿公路桥",
        "type": "龙山管理所--交通桥",
        "params": {
          "备注": "",
          "单位名称": "",
          "序号": "6",
          "桩号": "49+748",
          "长(m)": "45.0",
          "宽(m)": "12.0",
          "设计荷载(T)": "汽20t",
          "建成时间": "1992年",
          "产权单位": "北京市路政局昌平分局",
          "单位管理": "北京市路政局昌平分局",
          "管理协议": "无",
          "结构形式": ""
        },
        "photos": [],
        "description": "备注 : |\n单位名称 : |\n序号 : 6|\n桩号 : 49+748|\n长(m) : 45.0|\n宽(m) : 12.0|\n设计荷载(T) : 汽20t|\n建成时间 : 1992年|\n产权单位 : 北京市路政局昌平分局|\n单位管理 : 北京市路政局昌平分局|\n管理协议 : 无|\n结构形式 :"
      }
    },
    {
      "type": "Feature",
      "geometry": {
        "type": "Point",
        "coordinates": [
          116.39989704,
          40.22755947
        ]
      },
      "properties": {
        "name": "安四路桥",
        "type": "龙山管理所--交通桥",
        "params": {
          "备注": "",
          "单位名称": "",
          "序号": "7",
          "桩号": "50+287",
          "长(m)": "40.0",
          "宽(m)": "28.0",
          "设计荷载(T)": "公路I级",
          "建成时间": "2008年",
          "产权单位": "北京市路政局昌平分局",
          "单位管理": "北京市路政局昌平分局",
          "管理协议": "有工程管理协议",
          "结构形式": ""
        },
        "photos": [],
        "description": "备注 : |\n单位名称 : |\n序号 : 7|\n桩号 : 50+287|\n长(m) : 40.0|\n宽(m) : 28.0|\n设计荷载(T) : 公路I级|\n建成时间 : 2008年|\n产权单位 : 北京市路政局昌平分局|\n单位管理 : 北京市路政局昌平分局|\n管理协议 : 有工程管理协议|\n结构形式 :"
      }
    },
    {
      "type": "Feature",
      "geometry": {
        "type": "Point",
        "coordinates": [
          116.38677433,
          40.22875232
        ]
      },
      "properties": {
        "name": "秦城公路桥",
        "type": "龙山管理所--交通桥",
        "params": {
          "备注": "",
          "单位名称": "",
          "序号": "8",
          "桩号": "51+787",
          "长(m)": "45.0",
          "宽(m)": "7.0",
          "设计荷载(T)": "旧汽13t",
          "建成时间": "1966年",
          "产权单位": "北京市京密引水管理处",
          "单位管理": "北京市京密引水管理处",
          "管理协议": "无",
          "结构形式": ""
        },
        "photos": [],
        "description": "备注 : |\n单位名称 : |\n序号 : 8|\n桩号 : 51+787|\n长(m) : 45.0|\n宽(m) : 7.0|\n设计荷载(T) : 旧汽13t|\n建成时间 : 1966年|\n产权单位 : 北京市京密引水管理处|\n单位管理 : 北京市京密引水管理处|\n管理协议 : 无|\n结构形式 :"
      }
    },
    {
      "type": "Feature",
      "geometry": {
        "type": "Point",
        "coordinates": [
          116.37588859,
          40.22686116
        ]
      },
      "properties": {
        "name": "麻峪公路桥",
        "type": "龙山管理所--交通桥",
        "params": {
          "备注": "",
          "单位名称": "",
          "序号": "9",
          "桩号": "52+740",
          "长(m)": "",
          "宽(m)": "",
          "设计荷载(T)": "",
          "建成时间": "2007年",
          "产权单位": "北京市路政局昌平分局",
          "单位管理": "北京市路政局昌平分局",
          "管理协议": "有工程管理协议",
          "结构形式": "T梁"
        },
        "photos": [],
        "description": "备注 : |\n单位名称 : |\n序号 : 9|\n桩号 : 52+740|\n长(m) : |\n宽(m) : |\n设计荷载(T) : |\n建成时间 : 2007年|\n产权单位 : 北京市路政局昌平分局|\n单位管理 : 北京市路政局昌平分局|\n管理协议 : 有工程管理协议|\n结构形式 : T梁"
      }
    },
    {
      "type": "Feature",
      "geometry": {
        "type": "Point",
        "coordinates": [
          116.3713932,
          40.22634919
        ]
      },
      "properties": {
        "name": "香堂大车桥",
        "type": "龙山管理所--交通桥",
        "params": {
          "备注": "",
          "单位名称": "",
          "序号": "10",
          "桩号": "53+215",
          "长(m)": "38.0",
          "宽(m)": "18.0",
          "设计荷载(T)": "",
          "建成时间": "2011年",
          "产权单位": "北京市昌平区崔村镇人民政府",
          "单位管理": "北京市昌平区崔村镇人民政府",
          "管理协议": "有工程管理协议",
          "结构形式": ""
        },
        "photos": [],
        "description": "备注 : |\n单位名称 : |\n序号 : 10|\n桩号 : 53+215|\n长(m) : 38.0|\n宽(m) : 18.0|\n设计荷载(T) : |\n建成时间 : 2011年|\n产权单位 : 北京市昌平区崔村镇人民政府|\n单位管理 : 北京市昌平区崔村镇人民政府|\n管理协议 : 有工程管理协议|\n结构形式 :"
      }
    },
    {
      "type": "Feature",
      "geometry": {
        "type": "Point",
        "coordinates": [
          116.23356789,
          40.19049697
        ]
      },
      "properties": {
        "name": "东崔村大车桥",
        "type": "龙山管理所--交通桥",
        "params": {
          "备注": "",
          "单位名称": "",
          "序号": "11",
          "桩号": "54+556",
          "长(m)": "45.0",
          "宽(m)": "42.0",
          "设计荷载(T)": "旧3t",
          "建成时间": "未验收",
          "产权单位": "北京市交通委员会路政局昌平公路分局",
          "单位管理": "北京市交通委员会路政局昌平公路分局",
          "管理协议": "有工程管理协议",
          "结构形式": "板梁"
        },
        "photos": [],
        "description": "备注 : |\n单位名称 : |\n序号 : 11|\n桩号 : 54+556|\n长(m) : 45.0|\n宽(m) : 42.0|\n设计荷载(T) : 旧3t|\n建成时间 : 未验收|\n产权单位 : 北京市交通委员会路政局昌平公路分局|\n单位管理 : 北京市交通委员会路政局昌平公路分局|\n管理协议 : 有工程管理协议|\n结构形式 : 板梁"
      }
    },
    {
      "type": "Feature",
      "geometry": {
        "type": "Point",
        "coordinates": [
          116.34795875,
          40.21146573
        ]
      },
      "properties": {
        "name": "西崔村公路桥",
        "type": "龙山管理所--交通桥",
        "params": {
          "备注": "",
          "单位名称": "",
          "序号": "13",
          "桩号": "55+774",
          "长(m)": "45.0",
          "宽(m)": "7.0",
          "设计荷载(T)": "汽20t",
          "建成时间": "1996年",
          "产权单位": "北京市交通委员会路政局昌平公路分局",
          "单位管理": "北京市交通委员会路政局昌平公路分局",
          "管理协议": "无",
          "结构形式": ""
        },
        "photos": [],
        "description": "备注 : |\n单位名称 : |\n序号 : 13|\n桩号 : 55+774|\n长(m) : 45.0|\n宽(m) : 7.0|\n设计荷载(T) : 汽20t|\n建成时间 : 1996年|\n产权单位 : 北京市交通委员会路政局昌平公路分局|\n单位管理 : 北京市交通委员会路政局昌平公路分局|\n管理协议 : 无|\n结构形式 :"
      }
    },
    {
      "type": "Feature",
      "geometry": {
        "type": "Point",
        "coordinates": [
          116.31148874,
          40.20305893
        ]
      },
      "properties": {
        "name": "棉山西公路桥",
        "type": "龙山管理所--交通桥",
        "params": {
          "备注": "",
          "单位名称": "",
          "序号": "15",
          "桩号": "59+706",
          "长(m)": "45.0",
          "宽(m)": "4.7",
          "设计荷载(T)": "公路-Ⅱ级",
          "建成时间": "2007年",
          "产权单位": "北京市昌平区崔村镇人民政府",
          "单位管理": "北京市昌平区崔村镇人民政府",
          "管理协议": "有产权移交协议",
          "结构形式": ""
        },
        "photos": [],
        "description": "备注 : |\n单位名称 : |\n序号 : 15|\n桩号 : 59+706|\n长(m) : 45.0|\n宽(m) : 4.7|\n设计荷载(T) : 公路-Ⅱ级|\n建成时间 : 2007年|\n产权单位 : 北京市昌平区崔村镇人民政府|\n单位管理 : 北京市昌平区崔村镇人民政府|\n管理协议 : 有产权移交协议|\n结构形式 :"
      }
    },
    {
      "type": "Feature",
      "geometry": {
        "type": "Point",
        "coordinates": [
          116.29422605,
          40.19611393
        ]
      },
      "properties": {
        "name": "纪窑大车桥",
        "type": "龙山管理所--交通桥",
        "params": {
          "备注": "",
          "单位名称": "",
          "序号": "16",
          "桩号": "61+071",
          "长(m)": "45.0",
          "宽(m)": "3.0",
          "设计荷载(T)": "旧3t",
          "建成时间": "1966年",
          "产权单位": "北京市京密引水管理处",
          "单位管理": "北京市京密引水管理处",
          "管理协议": "无",
          "结构形式": "板梁"
        },
        "photos": [],
        "description": "备注 : |\n单位名称 : |\n序号 : 16|\n桩号 : 61+071|\n长(m) : 45.0|\n宽(m) : 3.0|\n设计荷载(T) : 旧3t|\n建成时间 : 1966年|\n产权单位 : 北京市京密引水管理处|\n单位管理 : 北京市京密引水管理处|\n管理协议 : 无|\n结构形式 : 板梁"
      }
    },
    {
      "type": "Feature",
      "geometry": {
        "type": "Point",
        "coordinates": [
          116.28000498,
          40.19245881
        ]
      },
      "properties": {
        "name": "张各庄公路桥",
        "type": "龙山管理所--交通桥",
        "params": {
          "备注": "",
          "单位名称": "",
          "序号": "17",
          "桩号": "62+345",
          "长(m)": "42.0",
          "宽(m)": "13.0",
          "设计荷载(T)": "汽-20挂-100",
          "建成时间": "2005年",
          "产权单位": "北京市交通委员会路政局昌平公路分局",
          "单位管理": "北京市交通委员会路政局昌平公路分局",
          "管理协议": "无",
          "结构形式": "T梁"
        },
        "photos": [],
        "description": "备注 : |\n单位名称 : |\n序号 : 17|\n桩号 : 62+345|\n长(m) : 42.0|\n宽(m) : 13.0|\n设计荷载(T) : 汽-20挂-100|\n建成时间 : 2005年|\n产权单位 : 北京市交通委员会路政局昌平公路分局|\n单位管理 : 北京市交通委员会路政局昌平公路分局|\n管理协议 : 无|\n结构形式 : T梁"
      }
    },
    {
      "type": "Feature",
      "geometry": {
        "type": "Point",
        "coordinates": [
          116.28032684,
          40.19252846
        ]
      },
      "properties": {
        "name": "张各庄新桥",
        "type": "龙山管理所--交通桥",
        "params": {
          "备注": "",
          "单位名称": "",
          "序号": "18",
          "桩号": "62+330",
          "长(m)": "45.0",
          "宽(m)": "32.5",
          "设计荷载(T)": "",
          "建成时间": "",
          "产权单位": "北京市昌平区城市管理委员会",
          "单位管理": "北京市昌平区城市管理委员会",
          "管理协议": "有工程管理协议",
          "结构形式": "T梁"
        },
        "photos": [],
        "description": "备注 : |\n单位名称 : |\n序号 : 18|\n桩号 : 62+330|\n长(m) : 45.0|\n宽(m) : 32.5|\n设计荷载(T) : |\n建成时间 : |\n产权单位 : 北京市昌平区城市管理委员会|\n单位管理 : 北京市昌平区城市管理委员会|\n管理协议 : 有工程管理协议|\n结构形式 : T梁"
      }
    },
    {
      "type": "Feature",
      "geometry": {
        "type": "Point",
        "coordinates": [
          116.26695871,
          40.18990584
        ]
      },
      "properties": {
        "name": "南丰路桥",
        "type": "龙山管理所--交通桥",
        "params": {
          "备注": "",
          "单位名称": "",
          "序号": "19",
          "桩号": "63+507",
          "长(m)": "45.0",
          "宽(m)": "11.0",
          "设计荷载(T)": "汽20t",
          "建成时间": "",
          "产权单位": "公路",
          "单位管理": "",
          "管理协议": "",
          "结构形式": ""
        },
        "photos": [],
        "description": "备注 : |\n单位名称 : |\n序号 : 19|\n桩号 : 63+507|\n长(m) : 45.0|\n宽(m) : 11.0|\n设计荷载(T) : 汽20t|\n建成时间 : |\n产权单位 : 公路|\n单位管理 : |\n管理协议 : |\n结构形式 :"
      }
    },
    {
      "type": "Feature",
      "geometry": {
        "type": "Point",
        "coordinates": [
          116.26128852,
          40.19012303
        ]
      },
      "properties": {
        "name": "景文屯大车桥",
        "type": "龙山管理所--交通桥",
        "params": {
          "备注": "",
          "单位名称": "",
          "序号": "20",
          "桩号": "63+985",
          "长(m)": "45.0",
          "宽(m)": "3.0",
          "设计荷载(T)": "旧3t",
          "建成时间": "",
          "产权单位": "京引",
          "单位管理": "",
          "管理协议": "",
          "结构形式": "板梁"
        },
        "photos": [],
        "description": "备注 : |\n单位名称 : |\n序号 : 20|\n桩号 : 63+985|\n长(m) : 45.0|\n宽(m) : 3.0|\n设计荷载(T) : 旧3t|\n建成时间 : |\n产权单位 : 京引|\n单位管理 : |\n管理协议 : |\n结构形式 : 板梁"
      }
    },
    {
      "type": "Feature",
      "geometry": {
        "type": "Point",
        "coordinates": [
          116.23476148,
          40.1903771
        ]
      },
      "properties": {
        "name": "白浮大车桥",
        "type": "龙山管理所--交通桥",
        "params": {
          "备注": "",
          "单位名称": "",
          "序号": "21",
          "桩号": "66+220",
          "长(m)": "35.0",
          "宽(m)": "18.22",
          "设计荷载(T)": "公路-Ⅱ级",
          "建成时间": "2005年",
          "产权单位": "北京市昌平区市政管理委员会",
          "单位管理": "北京市昌平区市政管理委员会",
          "管理协议": "有产权移交协议",
          "结构形式": "空心板"
        },
        "photos": [],
        "description": "备注 : |\n单位名称 : |\n序号 : 21|\n桩号 : 66+220|\n长(m) : 35.0|\n宽(m) : 18.22|\n设计荷载(T) : 公路-Ⅱ级|\n建成时间 : 2005年|\n产权单位 : 北京市昌平区市政管理委员会|\n单位管理 : 北京市昌平区市政管理委员会|\n管理协议 : 有产权移交协议|\n结构形式 : 空心板"
      }
    },
    {
      "type": "Feature",
      "geometry": {
        "type": "Point",
        "coordinates": [
          116.22846902,
          40.18893462
        ]
      },
      "properties": {
        "name": "京昌路东桥",
        "type": "龙山管理所--交通桥",
        "params": {
          "备注": "",
          "单位名称": "",
          "序号": "22",
          "桩号": "66+808",
          "长(m)": "35.0",
          "宽(m)": "12.0",
          "设计荷载(T)": "汽-21挂-100",
          "建成时间": "1994年",
          "产权单位": "北京市路政局昌平分局",
          "单位管理": "北京市路政局昌平分局",
          "管理协议": "无",
          "结构形式": ""
        },
        "photos": [],
        "description": "备注 : |\n单位名称 : |\n序号 : 22|\n桩号 : 66+808|\n长(m) : 35.0|\n宽(m) : 12.0|\n设计荷载(T) : 汽-21挂-100|\n建成时间 : 1994年|\n产权单位 : 北京市路政局昌平分局|\n单位管理 : 北京市路政局昌平分局|\n管理协议 : 无|\n结构形式 :"
      }
    },
    {
      "type": "Feature",
      "geometry": {
        "type": "Point",
        "coordinates": [
          116.47114858,
          40.23654065
        ]
      },
      "properties": {
        "name": "半壁店",
        "type": "龙山管理所--过渠涵洞",
        "params": {
          "备注": "",
          "桩号(Km+m)": "44+037",
          "洞身长度(m)": "58.0",
          "设计流量(m3/s)": "18",
          "校核流量(m3/s)": "21",
          "进口高程(m)": "47.51",
          "出口高程(m)": "47.51",
          "断面尺寸(孔-宽*高m)": "2-3*1",
          "运行情况": "已改造",
          "所涉河流": "无名河道"
        },
        "photos": [],
        "description": "备注 : |\n桩号(Km+m) : 44+037|\n洞身长度(m) : 58.0|\n设计流量(m3/s) : 18|\n校核流量(m3/s) : 21|\n进口高程(m) : 47.51|\n出口高程(m) : 47.51|\n断面尺寸(孔-宽*高m) : 2-3*1|\n运行情况 : 已改造|\n所涉河流 : 无名河道"
      }
    },
    {
      "type": "Feature",
      "geometry": {
        "type": "Point",
        "coordinates": [
          116.46672562,
          40.23532644
        ]
      },
      "properties": {
        "name": "暴峪泉",
        "type": "龙山管理所--过渠涵洞",
        "params": {
          "备注": "",
          "桩号(Km+m)": "44+473",
          "洞身长度(m)": "60.0",
          "设计流量(m3/s)": "",
          "校核流量(m3/s)": "",
          "进口高程(m)": "48.08",
          "出口高程(m)": "48.03",
          "断面尺寸(孔-宽*高m)": "1-Φ0.8",
          "运行情况": "有渗漏",
          "所涉河流": "无名河道"
        },
        "photos": [],
        "description": "备注 : |\n桩号(Km+m) : 44+473|\n洞身长度(m) : 60.0|\n设计流量(m3/s) : 　|\n校核流量(m3/s) : 　|\n进口高程(m) : 48.08|\n出口高程(m) : 48.03|\n断面尺寸(孔-宽*高m) : 1-Φ0.8|\n运行情况 : 有渗漏|\n所涉河流 : 无名河道"
      }
    },
    {
      "type": "Feature",
      "geometry": {
        "type": "Point",
        "coordinates": [
          116.42644555,
          40.22392653
        ]
      },
      "properties": {
        "name": "桃林",
        "type": "龙山管理所--过渠涵洞",
        "params": {
          "备注": "",
          "桩号(Km+m)": "48+150",
          "洞身长度(m)": "35.0",
          "设计流量(m3/s)": "22",
          "校核流量(m3/s)": "27",
          "进口高程(m)": "46.31",
          "出口高程(m)": "46.31",
          "断面尺寸(孔-宽*高m)": "1-3*2",
          "运行情况": "已改造",
          "所涉河流": "无名河道"
        },
        "photos": [],
        "description": "备注 : |\n桩号(Km+m) : 48+150|\n洞身长度(m) : 35.0|\n设计流量(m3/s) : 22|\n校核流量(m3/s) : 27|\n进口高程(m) : 46.31|\n出口高程(m) : 46.31|\n断面尺寸(孔-宽*高m) : 1-3*2|\n运行情况 : 已改造|\n所涉河流 : 无名河道"
      }
    },
    {
      "type": "Feature",
      "geometry": {
        "type": "Point",
        "coordinates": [
          116.37585372,
          40.22693283
        ]
      },
      "properties": {
        "name": "麻峪",
        "type": "龙山管理所--过渠涵洞",
        "params": {
          "备注": "",
          "桩号(Km+m)": "52+740",
          "洞身长度(m)": "35.0",
          "设计流量(m3/s)": "247",
          "校核流量(m3/s)": "421",
          "进口高程(m)": "45.99",
          "出口高程(m)": "45.99",
          "断面尺寸(孔-宽*高m)": "8-4*3",
          "运行情况": "有渗漏",
          "所涉河流": "南庄水库"
        },
        "photos": [],
        "description": "备注 : |\n桩号(Km+m) : 52+740|\n洞身长度(m) : 35.0|\n设计流量(m3/s) : 247|\n校核流量(m3/s) : 421|\n进口高程(m) : 45.99|\n出口高程(m) : 45.99|\n断面尺寸(孔-宽*高m) : 8-4*3|\n运行情况 : 有渗漏|\n所涉河流 : 南庄水库"
      }
    },
    {
      "type": "Feature",
      "geometry": {
        "type": "Point",
        "coordinates": [
          116.36233538,
          40.22219088
        ]
      },
      "properties": {
        "name": "东崔村",
        "type": "龙山管理所--过渠涵洞",
        "params": {
          "备注": "",
          "桩号(Km+m)": "54+400",
          "洞身长度(m)": "62.0",
          "设计流量(m3/s)": "20",
          "校核流量(m3/s)": "24",
          "进口高程(m)": "46.0",
          "出口高程(m)": "46.0",
          "断面尺寸(孔-宽*高m)": "1-3*2",
          "运行情况": "已改造",
          "所涉河流": "南庄水库"
        },
        "photos": [],
        "description": "备注 : |\n桩号(Km+m) : 54+400|\n洞身长度(m) : 62.0|\n设计流量(m3/s) : 20|\n校核流量(m3/s) : 24|\n进口高程(m) : 46.0|\n出口高程(m) : 46.0|\n断面尺寸(孔-宽*高m) : 1-3*2|\n运行情况 : 已改造|\n所涉河流 : 南庄水库"
      }
    },
    {
      "type": "Feature",
      "geometry": {
        "type": "Point",
        "coordinates": [
          116.35064631,
          40.21293641
        ]
      },
      "properties": {
        "name": "西崔村",
        "type": "龙山管理所--过渠涵洞",
        "params": {
          "备注": "",
          "桩号(Km+m)": "55+489",
          "洞身长度(m)": "39.5",
          "设计流量(m3/s)": "165",
          "校核流量(m3/s)": "307",
          "进口高程(m)": "46.33",
          "出口高程(m)": "46.33",
          "断面尺寸(孔-宽*高m)": "6-4*2.5",
          "运行情况": "已改造",
          "所涉河流": "肖村河"
        },
        "photos": [],
        "description": "备注 : |\n桩号(Km+m) : 55+489|\n洞身长度(m) : 39.5|\n设计流量(m3/s) : 165|\n校核流量(m3/s) : 307|\n进口高程(m) : 46.33|\n出口高程(m) : 46.33|\n断面尺寸(孔-宽*高m) : 6-4*2.5|\n运行情况 : 已改造|\n所涉河流 : 肖村河"
      }
    },
    {
      "type": "Feature",
      "geometry": {
        "type": "Point",
        "coordinates": [
          116.29916936,
          40.19739132
        ]
      },
      "properties": {
        "name": "钟家营",
        "type": "龙山管理所--过渠涵洞",
        "params": {
          "备注": "",
          "桩号(Km+m)": "60+629",
          "洞身长度(m)": "62.0",
          "设计流量(m3/s)": "93",
          "校核流量(m3/s)": "152",
          "进口高程(m)": "46.1",
          "出口高程(m)": "46.04",
          "断面尺寸(孔-宽*高m)": "5-3*2",
          "运行情况": "已改造",
          "所涉河流": "孟祖河"
        },
        "photos": [],
        "description": "备注 : |\n桩号(Km+m) : 60+629|\n洞身长度(m) : 62.0|\n设计流量(m3/s) : 93|\n校核流量(m3/s) : 152|\n进口高程(m) : 46.1|\n出口高程(m) : 46.04|\n断面尺寸(孔-宽*高m) : 5-3*2|\n运行情况 : 已改造|\n所涉河流 : 孟祖河"
      }
    },
    {
      "type": "Feature",
      "geometry": {
        "type": "Point",
        "coordinates": [
          116.47535563,
          40.23681809
        ]
      },
      "properties": {
        "name": "半壁店",
        "type": "龙山管理所--分水闸",
        "params": {
          "备注": "",
          "桩号(Km+m)": "43+677",
          "启闭机型号": "QLC-2A",
          "设计流量(m3/s)": "0.5",
          "引水渠底高程分水闸底高程(m)": "49.824/50.105",
          "进口尺寸(cm)": "D50",
          "鉴定及改造情况": "2024年已鉴定",
          "权属": "京引",
          "所涉河流": "无"
        },
        "photos": [],
        "description": "备注 : |\n桩号(Km+m) : 43+677|\n启闭机型号 : QLC-2A|\n设计流量(m3/s) : 0.5|\n引水渠底高程分水闸底高程(m) : 49.824/50.105|\n进口尺寸(cm) : D50|\n鉴定及改造情况 : 2024年已鉴定|\n权属 : 京引|\n所涉河流 : 无"
      }
    },
    {
      "type": "Feature",
      "geometry": {
        "type": "Point",
        "coordinates": [
          116.46375776,
          40.23456882
        ]
      },
      "properties": {
        "name": "一干",
        "type": "龙山管理所--分水闸",
        "params": {
          "备注": "",
          "桩号(Km+m)": "44+700",
          "启闭机型号": "QLC-3A",
          "设计流量(m3/s)": "1.5",
          "引水渠底高程分水闸底高程(m)": "49.773/50.52",
          "进口尺寸(cm)": "D100",
          "鉴定及改造情况": "2024年已鉴定",
          "权属": "京引",
          "所涉河流": "无"
        },
        "photos": [],
        "description": "备注 : |\n桩号(Km+m) : 44+700|\n启闭机型号 : QLC-3A|\n设计流量(m3/s) : 1.5|\n引水渠底高程分水闸底高程(m) : 49.773/50.52|\n进口尺寸(cm) : D100|\n鉴定及改造情况 : 2024年已鉴定|\n权属 : 京引|\n所涉河流 : 无"
      }
    },
    {
      "type": "Feature",
      "geometry": {
        "type": "Point",
        "coordinates": [
          116.43628121,
          40.22683453
        ]
      },
      "properties": {
        "name": "西新城",
        "type": "龙山管理所--分水闸",
        "params": {
          "备注": "",
          "桩号(Km+m)": "47+233",
          "启闭机型号": "QLC-2A",
          "设计流量(m3/s)": "0.5",
          "引水渠底高程分水闸底高程(m)": "49.646/50.40",
          "进口尺寸(cm)": "D50",
          "鉴定及改造情况": "2024年已鉴定",
          "权属": "京引",
          "所涉河流": "无"
        },
        "photos": [],
        "description": "备注 : |\n桩号(Km+m) : 47+233|\n启闭机型号 : QLC-2A|\n设计流量(m3/s) : 0.5|\n引水渠底高程分水闸底高程(m) : 49.646/50.40|\n进口尺寸(cm) : D50|\n鉴定及改造情况 : 2024年已鉴定|\n权属 : 京引|\n所涉河流 : 无"
      }
    },
    {
      "type": "Feature",
      "geometry": {
        "type": "Point",
        "coordinates": [
          116.42332748,
          40.22270184
        ]
      },
      "properties": {
        "name": "二干",
        "type": "龙山管理所--分水闸",
        "params": {
          "备注": "",
          "桩号(Km+m)": "48+450",
          "启闭机型号": "QLC-3A",
          "设计流量(m3/s)": "1.5",
          "引水渠底高程分水闸底高程(m)": "49.60/49.44",
          "进口尺寸(cm)": "1-φ125",
          "鉴定及改造情况": "2024年已鉴定",
          "权属": "京引",
          "所涉河流": "无"
        },
        "photos": [],
        "description": "备注 : |\n桩号(Km+m) : 48+450|\n启闭机型号 : QLC-3A|\n设计流量(m3/s) : 1.5|\n引水渠底高程分水闸底高程(m) : 49.60/49.44|\n进口尺寸(cm) : 1-φ125|\n鉴定及改造情况 : 2024年已鉴定|\n权属 : 京引|\n所涉河流 : 无"
      }
    },
    {
      "type": "Feature",
      "geometry": {
        "type": "Point",
        "coordinates": [
          116.43628121,
          40.22683453
        ]
      },
      "properties": {
        "name": "新开口",
        "type": "龙山管理所--分水闸",
        "params": {
          "备注": "",
          "桩号(Km+m)": "48+707",
          "启闭机型号": "QLC-2A",
          "设计流量(m3/s)": "0.7",
          "引水渠底高程分水闸底高程(m)": "49.59/50.29",
          "进口尺寸(cm)": "1-φ70",
          "鉴定及改造情况": "2024年已鉴定",
          "权属": "京引",
          "所涉河流": "无"
        },
        "photos": [],
        "description": "备注 : |\n桩号(Km+m) : 48+707|\n启闭机型号 : QLC-2A|\n设计流量(m3/s) : 0.7|\n引水渠底高程分水闸底高程(m) : 49.59/50.29|\n进口尺寸(cm) : 1-φ70|\n鉴定及改造情况 : 2024年已鉴定|\n权属 : 京引|\n所涉河流 : 无"
      }
    },
    {
      "type": "Feature",
      "geometry": {
        "type": "Point",
        "coordinates": [
          116.39153123,
          40.22908713
        ]
      },
      "properties": {
        "name": "秦城",
        "type": "龙山管理所--分水闸",
        "params": {
          "备注": "",
          "桩号(Km+m)": "51+421",
          "启闭机型号": "QLC-2A",
          "设计流量(m3/s)": "1.0",
          "引水渠底高程分水闸底高程(m)": "49.44/50.80",
          "进口尺寸(cm)": "1-φ80",
          "鉴定及改造情况": "2024年已鉴定",
          "权属": "京引",
          "所涉河流": "无"
        },
        "photos": [],
        "description": "备注 : |\n桩号(Km+m) : 51+421|\n启闭机型号 : QLC-2A|\n设计流量(m3/s) : 1.0|\n引水渠底高程分水闸底高程(m) : 49.44/50.80|\n进口尺寸(cm) : 1-φ80|\n鉴定及改造情况 : 2024年已鉴定|\n权属 : 京引|\n所涉河流 : 无"
      }
    },
    {
      "type": "Feature",
      "geometry": {
        "type": "Point",
        "coordinates": [
          116.3809365,
          40.22768848
        ]
      },
      "properties": {
        "name": "南庄",
        "type": "龙山管理所--分水闸",
        "params": {
          "备注": "",
          "桩号(Km+m)": "52+097",
          "启闭机型号": "QLC-2A",
          "设计流量(m3/s)": "1.0",
          "引水渠底高程分水闸底高程(m)": "49.40/49.46",
          "进口尺寸(cm)": "1-φ90",
          "鉴定及改造情况": "2024年已鉴定",
          "权属": "京引",
          "所涉河流": "无"
        },
        "photos": [],
        "description": "备注 : |\n桩号(Km+m) : 52+097|\n启闭机型号 : QLC-2A|\n设计流量(m3/s) : 1.0|\n引水渠底高程分水闸底高程(m) : 49.40/49.46|\n进口尺寸(cm) : 1-φ90|\n鉴定及改造情况 : 2024年已鉴定|\n权属 : 京引|\n所涉河流 : 无"
      }
    },
    {
      "type": "Feature",
      "geometry": {
        "type": "Point",
        "coordinates": [
          116.35870099,
          40.21956837
        ]
      },
      "properties": {
        "name": "东崔村",
        "type": "龙山管理所--分水闸",
        "params": {
          "备注": "",
          "桩号(Km+m)": "54+491",
          "启闭机型号": "QLC-2A",
          "设计流量(m3/s)": "0.5",
          "引水渠底高程分水闸底高程(m)": "49.27/49.61",
          "进口尺寸(cm)": "1-φ90",
          "鉴定及改造情况": "2024年已鉴定",
          "权属": "京引",
          "所涉河流": "无"
        },
        "photos": [],
        "description": "备注 : |\n桩号(Km+m) : 54+491|\n启闭机型号 : QLC-2A|\n设计流量(m3/s) : 0.5|\n引水渠底高程分水闸底高程(m) : 49.27/49.61|\n进口尺寸(cm) : 1-φ90|\n鉴定及改造情况 : 2024年已鉴定|\n权属 : 京引|\n所涉河流 : 无"
      }
    },
    {
      "type": "Feature",
      "geometry": {
        "type": "Point",
        "coordinates": [
          116.34912014,
          40.21190816
        ]
      },
      "properties": {
        "name": "大辛峰",
        "type": "龙山管理所--分水闸",
        "params": {
          "备注": "",
          "桩号(Km+m)": "55+666",
          "启闭机型号": "QLC-2A",
          "设计流量(m3/s)": "1.0",
          "引水渠底高程分水闸底高程(m)": "49.23/49.73",
          "进口尺寸(cm)": "1-φ100",
          "鉴定及改造情况": "2024年已鉴定",
          "权属": "京引",
          "所涉河流": "无"
        },
        "photos": [],
        "description": "备注 : |\n桩号(Km+m) : 55+666|\n启闭机型号 : QLC-2A|\n设计流量(m3/s) : 1.0|\n引水渠底高程分水闸底高程(m) : 49.23/49.73|\n进口尺寸(cm) : 1-φ100|\n鉴定及改造情况 : 2024年已鉴定|\n权属 : 京引|\n所涉河流 : 无"
      }
    },
    {
      "type": "Feature",
      "geometry": {
        "type": "Point",
        "coordinates": [
          116.33812308,
          40.20357517
        ]
      },
      "properties": {
        "name": "小辛峰",
        "type": "龙山管理所--分水闸",
        "params": {
          "备注": "",
          "桩号(Km+m)": "57+038",
          "启闭机型号": "QLC-3A",
          "设计流量(m3/s)": "2.0",
          "引水渠底高程分水闸底高程(m)": "49.15/49.45",
          "进口尺寸(cm)": "1-φ150",
          "鉴定及改造情况": "2024年已鉴定",
          "权属": "京引",
          "所涉河流": "无"
        },
        "photos": [],
        "description": "备注 : |\n桩号(Km+m) : 57+038|\n启闭机型号 : QLC-3A|\n设计流量(m3/s) : 2.0|\n引水渠底高程分水闸底高程(m) : 49.15/49.45|\n进口尺寸(cm) : 1-φ150|\n鉴定及改造情况 : 2024年已鉴定|\n权属 : 京引|\n所涉河流 : 无"
      }
    },
    {
      "type": "Feature",
      "geometry": {
        "type": "Point",
        "coordinates": [
          116.30741716,
          40.20158394
        ]
      },
      "properties": {
        "name": "棉山",
        "type": "龙山管理所--分水闸",
        "params": {
          "备注": "",
          "桩号(Km+m)": "59+781",
          "启闭机型号": "QLC-3A",
          "设计流量(m3/s)": "1.5",
          "引水渠底高程分水闸底高程(m)": "48.99/49.49",
          "进口尺寸(cm)": "1-φ125",
          "鉴定及改造情况": "2024年已鉴定",
          "权属": "京引",
          "所涉河流": "无"
        },
        "photos": [],
        "description": "备注 : |\n桩号(Km+m) : 59+781|\n启闭机型号 : QLC-3A|\n设计流量(m3/s) : 1.5|\n引水渠底高程分水闸底高程(m) : 48.99/49.49|\n进口尺寸(cm) : 1-φ125|\n鉴定及改造情况 : 2024年已鉴定|\n权属 : 京引|\n所涉河流 : 无"
      }
    },
    {
      "type": "Feature",
      "geometry": {
        "type": "Point",
        "coordinates": [
          116.29888505,
          40.19728069
        ]
      },
      "properties": {
        "name": "钟家营",
        "type": "龙山管理所--分水闸",
        "params": {
          "备注": "",
          "桩号(Km+m)": "60+669",
          "启闭机型号": "QLC-3A",
          "设计流量(m3/s)": "2.0",
          "引水渠底高程分水闸底高程(m)": "48.94/48.66",
          "进口尺寸(cm)": "1-φ150",
          "鉴定及改造情况": "2024年已鉴定",
          "权属": "京引",
          "所涉河流": "孟祖河"
        },
        "photos": [],
        "description": "备注 : |\n桩号(Km+m) : 60+669|\n启闭机型号 : QLC-3A|\n设计流量(m3/s) : 2.0|\n引水渠底高程分水闸底高程(m) : 48.94/48.66|\n进口尺寸(cm) : 1-φ150|\n鉴定及改造情况 : 2024年已鉴定|\n权属 : 京引|\n所涉河流 : 孟祖河"
      }
    },
    {
      "type": "Feature",
      "geometry": {
        "type": "Point",
        "coordinates": [
          116.2842241,
          40.19339311
        ]
      },
      "properties": {
        "name": "张各庄",
        "type": "龙山管理所--分水闸",
        "params": {
          "备注": "",
          "桩号(Km+m)": "61+970",
          "启闭机型号": "QLC-3A",
          "设计流量(m3/s)": "1.5",
          "引水渠底高程分水闸底高程(m)": "48.86/49.36",
          "进口尺寸(cm)": "1-φ125",
          "鉴定及改造情况": "2024年已鉴定",
          "权属": "京引",
          "所涉河流": "无"
        },
        "photos": [],
        "description": "备注 : |\n桩号(Km+m) : 61+970|\n启闭机型号 : QLC-3A|\n设计流量(m3/s) : 1.5|\n引水渠底高程分水闸底高程(m) : 48.86/49.36|\n进口尺寸(cm) : 1-φ125|\n鉴定及改造情况 : 2024年已鉴定|\n权属 : 京引|\n所涉河流 : 无"
      }
    },
    {
      "type": "Feature",
      "geometry": {
        "type": "Point",
        "coordinates": [
          116.46178365,
          40.23392587
        ]
      },
      "properties": {
        "name": "秦鱼池",
        "type": "龙山管理所--分水闸",
        "params": {
          "备注": "",
          "桩号(Km+m)": "44+882",
          "启闭机型号": "机4",
          "设计流量(m3/s)": "",
          "引水渠底高程分水闸底高程(m)": "49.76/49.86",
          "进口尺寸(cm)": "",
          "鉴定及改造情况": "",
          "权属": "京引",
          "所涉河流": "无"
        },
        "photos": [],
        "description": "备注 : |\n桩号(Km+m) : 44+882|\n启闭机型号 : 机4|\n设计流量(m3/s) : |\n引水渠底高程分水闸底高程(m) : 49.76/49.86|\n进口尺寸(cm) : |\n鉴定及改造情况 : |\n权属 : 京引|\n所涉河流 : 无"
      }
    },
    {
      "type": "Feature",
      "geometry": {
        "type": "Point",
        "coordinates": [
          116.25318557,
          40.19036276
        ]
      },
      "properties": {
        "name": "十三陵补水闸",
        "type": "龙山管理所--补水闸",
        "params": {
          "备注": "",
          "桩号(Km+m)": "61+958",
          "设计流量(m3/s)": "",
          "校核流量(m3/s)": "",
          "设计水位(m)": "",
          "闸槛高程(m)": "",
          "闸门重量(t)": "",
          "启闭机型号": "QLC-3A3t",
          "闸门规格(孔-宽*高m)": "1-1.5*1.5",
          "鉴定及改造情况": "2024年已鉴定"
        },
        "photos": [],
        "description": "备注 : |\n桩号(Km+m) : 61+958|\n设计流量(m3/s) : |\n校核流量(m3/s) : |\n设计水位(m) : |\n闸槛高程(m) : |\n闸门重量(t) : |\n启闭机型号 : QLC-3A3t|\n闸门规格(孔-宽*高m) : 1-1.5*1.5|\n鉴定及改造情况 : 2024年已鉴定"
      }
    },
    {
      "type": "Feature",
      "geometry": {
        "type": "Point",
        "coordinates": [
          116.41188383,
          40.2217393
        ]
      },
      "properties": {
        "name": "兴寿节制闸处",
        "type": "龙山管理所--变压器",
        "params": {
          "备注": "",
          "容量(KVA)": "160",
          "安装形式": "杆式",
          "管理所": "龙山管理所"
        },
        "photos": [],
        "description": "备注 : |\n容量(KVA) : 160|\n安装形式 : 杆式|\n管理所 : 龙山管理所"
      }
    },
    {
      "type": "Feature",
      "geometry": {
        "type": "Point",
        "coordinates": [
          116.24343574,
          40.1922826
        ]
      },
      "properties": {
        "name": "龙山所院内",
        "type": "龙山管理所--变压器",
        "params": {
          "备注": "",
          "容量(KVA)": "200",
          "安装形式": "箱式",
          "管理所": "龙山管理所"
        },
        "photos": [],
        "description": "备注 : |\n容量(KVA) : 200|\n安装形式 : 箱式|\n管理所 : 龙山管理所"
      }
    },
    {
      "type": "Feature",
      "geometry": {
        "type": "Point",
        "coordinates": [
          116.456611,
          40.23143385
        ]
      },
      "properties": {
        "name": "秦屯泄洪闸处",
        "type": "龙山管理所--变压器",
        "params": {
          "备注": "",
          "容量(KVA)": "160",
          "安装形式": "杆式",
          "管理所": "龙山管理所"
        },
        "photos": [],
        "description": "备注 : |\n容量(KVA) : 160|\n安装形式 : 杆式|\n管理所 : 龙山管理所"
      }
    },
    {
      "type": "Feature",
      "geometry": {
        "type": "Point",
        "coordinates": [
          116.36236086,
          40.22218883
        ]
      },
      "properties": {
        "name": "崔村管理站内",
        "type": "龙山管理所--变压器",
        "params": {
          "备注": "",
          "容量(KVA)": "160",
          "安装形式": "杆式",
          "管理所": "龙山管理所"
        },
        "photos": [],
        "description": "备注 : |\n容量(KVA) : 160|\n安装形式 : 杆式|\n管理所 : 龙山管理所"
      }
    },
    {
      "type": "Feature",
      "geometry": {
        "type": "Point",
        "coordinates": [
          116.16777599,
          40.16654771
        ]
      },
      "properties": {
        "name": "埝头管理所土城站内",
        "type": "埝头管理所--变压器",
        "params": {
          "备注": "",
          "容量(KVA)": "160",
          "安装形式": "杆式",
          "管理所": "埝头管理所土城站"
        },
        "photos": [],
        "description": "备注 : |\n容量(KVA) : 160|\n安装形式 : 杆式|\n管理所 : 埝头管理所土城站"
      }
    },
    {
      "type": "Feature",
      "geometry": {
        "type": "Point",
        "coordinates": [
          116.19781137,
          40.18225354
        ]
      },
      "properties": {
        "name": "埝头管理所内",
        "type": "埝头管理所--变压器",
        "params": {
          "备注": "",
          "容量(KVA)": "500",
          "安装形式": "箱式",
          "管理所": "埝头管理所"
        },
        "photos": [],
        "description": "备注 : |\n容量(KVA) : 500|\n安装形式 : 箱式|\n管理所 : 埝头管理所"
      }
    },
    {
      "type": "Feature",
      "geometry": {
        "type": "Point",
        "coordinates": [
          116.20191246,
          40.18591024
        ]
      },
      "properties": {
        "name": "污水，中水管线",
        "type": "下穿",
        "params": {
          "备注": "",
          "所属项目名称": "昌平区小城镇污水处理市场化建设配套管网工程（第二标段）京密引水渠左右岸管道连接工程",
          "材质/管径": "钢筋混凝土DN1500/DN800，DN1600内穿DN800球墨铸铁管",
          "类型": "下穿",
          "埋深(m)": "7.3/5.3",
          "桩号": "69+169"
        },
        "photos": [],
        "description": "备注 : |\n所属项目名称 : 昌平区小城镇污水处理市场化建设配套管网工程（第二标段）京密引水渠左右岸管道连接工程|\n材质/管径 : 钢筋混凝土DN1500/DN800，DN1600内穿DN800球墨铸铁管|\n类型 : 下穿|\n埋深(m) : 7.3/5.3|\n桩号 : 69+169"
      }
    },
    {
      "type": "Feature",
      "geometry": {
        "type": "Point",
        "coordinates": [
          116.16792083,
          40.16727329
        ]
      },
      "properties": {
        "name": "电力管线",
        "type": "下穿",
        "params": {
          "备注": "",
          "所属项目名称": "昌平区土城新村改造项目电力工程穿越京密引水渠工程",
          "材质/管径": "混凝土管/DN1050",
          "类型": "下穿",
          "埋深(m)": "5.03",
          "桩号": "72+868.2"
        },
        "photos": [],
        "description": "备注 : |\n所属项目名称 : 昌平区土城新村改造项目电力工程穿越京密引水渠工程|\n材质/管径 : 混凝土管/DN1050|\n类型 : 下穿|\n埋深(m) : 5.03|\n桩号 : 72+868.2"
      }
    },
    {
      "type": "Feature",
      "geometry": {
        "type": "Point",
        "coordinates": [
          116.16792083,
          40.16727329
        ]
      },
      "properties": {
        "name": "供水管线",
        "type": "下穿",
        "params": {
          "备注": "",
          "所属项目名称": "昌平区土城新村改造项目供水工程穿越京密引水渠工程",
          "材质/管径": "混凝土管/DN1000",
          "类型": "下穿",
          "埋深(m)": "7.54",
          "桩号": "72+868.2"
        },
        "photos": [],
        "description": "备注 : |\n所属项目名称 : 昌平区土城新村改造项目供水工程穿越京密引水渠工程|\n材质/管径 : 混凝土管/DN1000|\n类型 : 下穿|\n埋深(m) : 7.54|\n桩号 : 72+868.2"
      }
    },
    {
      "type": "Feature",
      "geometry": {
        "type": "Point",
        "coordinates": [
          116.16785377,
          40.16720566
        ]
      },
      "properties": {
        "name": "燃气管线",
        "type": "下穿",
        "params": {
          "备注": "",
          "所属项目名称": "土城开发项目配套中压A天然气基建工程施工管理协议",
          "材质/管径": "混凝土管/DN1500",
          "类型": "下穿",
          "埋深(m)": "7.54",
          "桩号": "72+883"
        },
        "photos": [],
        "description": "备注 : |\n所属项目名称 : 土城开发项目配套中压A天然气基建工程施工管理协议|\n材质/管径 : 混凝土管/DN1500|\n类型 : 下穿|\n埋深(m) : 7.54|\n桩号 : 72+883"
      }
    },
    {
      "type": "Feature",
      "geometry": {
        "type": "Point",
        "coordinates": [
          116.14593744,
          40.13740744
        ]
      },
      "properties": {
        "name": "供水、燃气管线",
        "type": "下穿",
        "params": {
          "备注": "",
          "所属项目名称": "阳坊东街路网工程跨京密引水渠桥管线配套工程",
          "材质/管径": "",
          "类型": "下穿",
          "埋深(m)": "",
          "桩号": "76+764"
        },
        "photos": [],
        "description": "备注 : |\n所属项目名称 : 阳坊东街路网工程跨京密引水渠桥管线配套工程|\n材质/管径 : |\n类型 : 下穿|\n埋深(m) : |\n桩号 : 76+764"
      }
    },
    {
      "type": "Feature",
      "geometry": {
        "type": "Point",
        "coordinates": [
          116.17837071,
          40.17558616
        ]
      },
      "properties": {
        "name": "电力管线",
        "type": "上跨管",
        "params": {
          "备注": "",
          "所属项目名称": "横桥倒虹吸出口跨京密引水渠架设10KV线路工程",
          "材质/管径": "",
          "类型": "上跨管",
          "埋深(m)": "",
          "桩号": "71+641"
        },
        "photos": [],
        "description": "备注 : |\n所属项目名称 : 横桥倒虹吸出口跨京密引水渠架设10KV线路工程|\n材质/管径 : |\n类型 : 上跨管|\n埋深(m) : |\n桩号 : 71+641"
      }
    },
    {
      "type": "Feature",
      "geometry": {
        "type": "Point",
        "coordinates": [
          116.16690159,
          40.16584672
        ]
      },
      "properties": {
        "name": "光缆",
        "type": "上跨管",
        "params": {
          "备注": "",
          "所属项目名称": "土城节制闸上游跨京密引水渠架设光缆工程",
          "材质/管径": "24芯",
          "类型": "上跨管",
          "埋深(m)": "",
          "桩号": "73+134"
        },
        "photos": [],
        "description": "备注 : |\n所属项目名称 : 土城节制闸上游跨京密引水渠架设光缆工程|\n材质/管径 : 24芯|\n类型 : 上跨管|\n埋深(m) : |\n桩号 : 73+134"
      }
    },
    {
      "type": "Feature",
      "geometry": {
        "type": "Point",
        "coordinates": [
          116.15240157,
          40.14799155
        ]
      },
      "properties": {
        "name": "电力管线",
        "type": "上跨管",
        "params": {
          "备注": "",
          "所属项目名称": "聂各庄至四家庄220KV送电工程跨京密引水渠（埝头段）工程",
          "材质/管径": "",
          "类型": "上跨管",
          "埋深(m)": "",
          "桩号": "75+434"
        },
        "photos": [],
        "description": "备注 : |\n所属项目名称 : 聂各庄至四家庄220KV送电工程跨京密引水渠（埝头段）工程|\n材质/管径 : |\n类型 : 上跨管|\n埋深(m) : |\n桩号 : 75+434"
      }
    },
    {
      "type": "Feature",
      "geometry": {
        "type": "Point",
        "coordinates": [
          116.13372803,
          40.13198966
        ]
      },
      "properties": {
        "name": "电力管线",
        "type": "上跨管",
        "params": {
          "备注": "",
          "所属项目名称": "阳坊公路桥上游高压线路跨越京密引水渠工程",
          "材质/管径": "",
          "类型": "上跨管",
          "埋深(m)": "",
          "桩号": "78+121"
        },
        "photos": [],
        "description": "备注 : |\n所属项目名称 : 阳坊公路桥上游高压线路跨越京密引水渠工程|\n材质/管径 : |\n类型 : 上跨管|\n埋深(m) : |\n桩号 : 78+121"
      }
    },
    {
      "type": "Feature",
      "geometry": {
        "type": "Point",
        "coordinates": [
          116.21675581,
          40.18810068
        ]
      },
      "properties": {
        "name": "供水管线",
        "type": "上跨管",
        "params": {
          "备注": "",
          "所属项目名称": "马池口东桥桥下架设供水管道工程",
          "材质/管径": "PE管/Φ100",
          "类型": "上跨管",
          "埋深(m)": "",
          "桩号": "67+820"
        },
        "photos": [],
        "description": "备注 : |\n所属项目名称 : 马池口东桥桥下架设供水管道工程|\n材质/管径 : PE管/Φ100|\n类型 : 上跨管|\n埋深(m) : |\n桩号 : 67+820"
      }
    },
    {
      "type": "Feature",
      "geometry": {
        "type": "Point",
        "coordinates": [
          116.15547001,
          40.15291193
        ]
      },
      "properties": {
        "name": "污水，中水管线",
        "type": "理范围内平行",
        "params": {
          "备注": "",
          "所属项目名称": "阳八路雨水排除工程",
          "材质/管径": "钢筋混凝土DN600管线10米，DN2200管线1027米",
          "类型": "理范围内平行",
          "埋深(m)": "4至8",
          "桩号": "右岸74+824"
        },
        "photos": [],
        "description": "备注 : |\n所属项目名称 : 阳八路雨水排除工程|\n材质/管径 : 钢筋混凝土DN600管线10米，DN2200管线1027米|\n类型 : 理范围内平行|\n埋深(m) : 4至8|\n桩号 : 右岸74+824"
      }
    },
    {
      "type": "Feature",
      "geometry": {
        "type": "Point",
        "coordinates": [
          116.19679212,
          40.18100456
        ]
      },
      "properties": {
        "name": "京张高铁",
        "type": "跨越工程",
        "params": {
          "备注": "",
          "所属项目名称": "",
          "材质/管径": "铁轨",
          "类型": "跨越工程",
          "埋深(m)": "",
          "桩号": "69+898"
        },
        "photos": [],
        "description": "备注 : |\n所属项目名称 : |\n材质/管径 : 铁轨|\n类型 : 跨越工程|\n埋深(m) : |\n桩号 : 69+898"
      }
    },
    {
      "type": "Feature",
      "geometry": {
        "type": "Point",
        "coordinates": [
          116.22460127,
          40.18788963
        ]
      },
      "properties": {
        "name": "京昌路公路桥西",
        "type": "埝头管理所--分水闸",
        "params": {
          "备注": "",
          "桩号(Km+m)": "67+132",
          "启闭机型号": "QLC-2A",
          "设计流量(m3/s)": "0.5",
          "引水渠底高程分水闸底高程(m)": "48.56/49.06",
          "进口尺寸(cm)": "1Φ80",
          "鉴定及改造情况": "鉴定二类闸，未大修",
          "权属": "京引",
          "所涉河流": "创新河"
        },
        "photos": [],
        "description": "备注 : |\n桩号(Km+m) : 67+132|\n启闭机型号 : QLC-2A|\n设计流量(m3/s) : 0.5|\n引水渠底高程分水闸底高程(m) : 48.56/49.06|\n进口尺寸(cm) : 1Φ80|\n鉴定及改造情况 : 鉴定二类闸，未大修|\n权属 : 京引|\n所涉河流 : 创新河"
      }
    },
    {
      "type": "Feature",
      "geometry": {
        "type": "Point",
        "coordinates": [
          116.19258642,
          40.17746338
        ]
      },
      "properties": {
        "name": "横桥",
        "type": "埝头管理所--分水闸",
        "params": {
          "备注": "",
          "桩号(Km+m)": "70+389",
          "启闭机型号": "QLC-2A",
          "设计流量(m3/s)": "0.5",
          "引水渠底高程分水闸底高程(m)": "48.36/48.86",
          "进口尺寸(cm)": "1Φ80",
          "鉴定及改造情况": "鉴定二类闸，2021年进行京引横桥分水闸下游补水工程改造",
          "权属": "京引",
          "所涉河流": "幸福河、舒畅河"
        },
        "photos": [],
        "description": "备注 : |\n桩号(Km+m) : 70+389|\n启闭机型号 : QLC-2A|\n设计流量(m3/s) : 0.5|\n引水渠底高程分水闸底高程(m) : 48.36/48.86|\n进口尺寸(cm) : 1Φ80|\n鉴定及改造情况 : 鉴定二类闸，2021年进行京引横桥分水闸下游补水工程改造|\n权属 : 京引|\n所涉河流 : 幸福河、舒畅河"
      }
    },
    {
      "type": "Feature",
      "geometry": {
        "type": "Point",
        "coordinates": [
          116.1880374,
          40.17661085
        ]
      },
      "properties": {
        "name": "横桥五队",
        "type": "埝头管理所--分水闸",
        "params": {
          "备注": "",
          "桩号(Km+m)": "70+780",
          "启闭机型号": "QLC-2A",
          "设计流量(m3/s)": "0.5",
          "引水渠底高程分水闸底高程(m)": "48.34/48.84",
          "进口尺寸(cm)": "1Φ80",
          "鉴定及改造情况": "鉴定三类闸，未大修",
          "权属": "京引",
          "所涉河流": "下游已无河道"
        },
        "photos": [],
        "description": "备注 : |\n桩号(Km+m) : 70+780|\n启闭机型号 : QLC-2A|\n设计流量(m3/s) : 0.5|\n引水渠底高程分水闸底高程(m) : 48.34/48.84|\n进口尺寸(cm) : 1Φ80|\n鉴定及改造情况 : 鉴定三类闸，未大修|\n权属 : 京引|\n所涉河流 : 下游已无河道"
      }
    },
    {
      "type": "Feature",
      "geometry": {
        "type": "Point",
        "coordinates": [
          116.15040063,
          40.14363262
        ]
      },
      "properties": {
        "name": "上庄",
        "type": "埝头管理所--分水闸",
        "params": {
          "备注": "",
          "桩号(Km+m)": "75+937",
          "启闭机型号": "QLC-3A",
          "设计流量(m3/s)": "5.0",
          "引水渠底高程分水闸底高程(m)": "48.08/48.28",
          "进口尺寸(cm)": "1-240*240",
          "鉴定及改造情况": "鉴定三类闸，2024年开始进行《海淀区原位改造河湖水系连通工程涉及京密引水渠现状分水闸门改造》",
          "权属": "京引",
          "所涉河流": "上庄干渠"
        },
        "photos": [],
        "description": "备注 : |\n桩号(Km+m) : 75+937|\n启闭机型号 : QLC-3A|\n设计流量(m3/s) : 5.0|\n引水渠底高程分水闸底高程(m) : 48.08/48.28|\n进口尺寸(cm) : 1-240*240|\n鉴定及改造情况 : 鉴定三类闸，2024年开始进行《海淀区原位改造河湖水系连通工程涉及京密引水渠现状分水闸门改造》|\n权属 : 京引|\n所涉河流 : 上庄干渠"
      }
    },
    {
      "type": "Feature",
      "geometry": {
        "type": "Point",
        "coordinates": [
          116.21747732,
          40.18806175
        ]
      },
      "properties": {
        "name": "马池口涵洞",
        "type": "埝头管理所--过渠涵洞",
        "params": {
          "备注": "",
          "桩号(Km+m)": "67+784",
          "洞身长度(m)": "76.0",
          "设计流量(m3/s)": "17.1",
          "校核流量(m3/s)": "26.0",
          "进口高程(m)": "45.64",
          "出口高程(m)": "45.57",
          "断面尺寸(孔-宽*高m)": "2-3*2",
          "运行情况": "有渗漏",
          "所涉河流": "创新河"
        },
        "photos": [],
        "description": "备注 : |\n桩号(Km+m) : 67+784|\n洞身长度(m) : 76.0|\n设计流量(m3/s) : 17.1|\n校核流量(m3/s) : 26.0|\n进口高程(m) : 45.64|\n出口高程(m) : 45.57|\n断面尺寸(孔-宽*高m) : 2-3*2|\n运行情况 : 有渗漏|\n所涉河流 : 创新河"
      }
    },
    {
      "type": "Feature",
      "geometry": {
        "type": "Point",
        "coordinates": [
          116.15673065,
          40.15453557
        ]
      },
      "properties": {
        "name": "史家桥涵洞",
        "type": "埝头管理所--过渠涵洞",
        "params": {
          "备注": "",
          "桩号(Km+m)": "74+602",
          "洞身长度(m)": "67.5",
          "设计流量(m3/s)": "36.0",
          "校核流量(m3/s)": "55.0",
          "进口高程(m)": "45.1",
          "出口高程(m)": "45.04",
          "断面尺寸(孔-宽*高m)": "2-4*2",
          "运行情况": "有渗漏",
          "所涉河流": "史家桥灌渠"
        },
        "photos": [],
        "description": "备注 : |\n桩号(Km+m) : 74+602|\n洞身长度(m) : 67.5|\n设计流量(m3/s) : 36.0|\n校核流量(m3/s) : 55.0|\n进口高程(m) : 45.1|\n出口高程(m) : 45.04|\n断面尺寸(孔-宽*高m) : 2-4*2|\n运行情况 : 有渗漏|\n所涉河流 : 史家桥灌渠"
      }
    },
    {
      "type": "Feature",
      "geometry": {
        "type": "Point",
        "coordinates": [
          116.15567923,
          40.15286273
        ]
      },
      "properties": {
        "name": "史家桥西涵洞",
        "type": "埝头管理所--过渠涵洞",
        "params": {
          "备注": "",
          "桩号(Km+m)": "74+824",
          "洞身长度(m)": "70.5",
          "设计流量(m3/s)": "36.0",
          "校核流量(m3/s)": "55.0",
          "进口高程(m)": "45.09",
          "出口高程(m)": "45.03",
          "断面尺寸(孔-宽*高m)": "2-4*2",
          "运行情况": "有渗漏",
          "所涉河流": "史家桥沟灌渠"
        },
        "photos": [],
        "description": "备注 : |\n桩号(Km+m) : 74+824|\n洞身长度(m) : 70.5|\n设计流量(m3/s) : 36.0|\n校核流量(m3/s) : 55.0|\n进口高程(m) : 45.09|\n出口高程(m) : 45.03|\n断面尺寸(孔-宽*高m) : 2-4*2|\n运行情况 : 有渗漏|\n所涉河流 : 史家桥沟灌渠"
      }
    },
    {
      "type": "Feature",
      "geometry": {
        "type": "Point",
        "coordinates": [
          116.22843146,
          40.18894692
        ]
      },
      "properties": {
        "name": "京昌东桥",
        "type": "埝头管理所--交通桥",
        "params": {
          "备注": "",
          "单位名称": "埝头管理所",
          "序号": "1",
          "桩号": "66+808",
          "长(m)": "45.0",
          "宽(m)": "12.0",
          "设计荷载(T)": "汽20t",
          "建成时间": "1994年",
          "产权单位": "北京市首发高速公路建设管理有限责任公司",
          "单位管理": "北京市首发高速公路建设管理有限责任公司",
          "管理协议": "",
          "结构形式": "梁式桥"
        },
        "photos": [],
        "description": "备注 : |\n单位名称 : 埝头管理所|\n序号 : 1|\n桩号 : 66+808|\n长(m) : 45.0|\n宽(m) : 12.0|\n设计荷载(T) : 汽20t|\n建成时间 : 1994年|\n产权单位 : 北京市首发高速公路建设管理有限责任公司|\n单位管理 : 北京市首发高速公路建设管理有限责任公司|\n管理协议 : |\n结构形式 : 梁式桥"
      }
    },
    {
      "type": "Feature",
      "geometry": {
        "type": "Point",
        "coordinates": [
          116.2280184,
          40.18880759
        ]
      },
      "properties": {
        "name": "京昌主桥",
        "type": "埝头管理所--交通桥",
        "params": {
          "备注": "",
          "单位名称": "",
          "序号": "2",
          "桩号": "66+842",
          "长(m)": "45.0",
          "宽(m)": "12.0",
          "设计荷载(T)": "汽20t",
          "建成时间": "1994年",
          "产权单位": "北京市首发高速公路建设管理有限责任公司",
          "单位管理": "北京市首发高速公路建设管理有限责任公司",
          "管理协议": "",
          "结构形式": "梁式桥"
        },
        "photos": [],
        "description": "备注 : |\n单位名称 : |\n序号 : 2|\n桩号 : 66+842|\n长(m) : 45.0|\n宽(m) : 12.0|\n设计荷载(T) : 汽20t|\n建成时间 : 1994年|\n产权单位 : 北京市首发高速公路建设管理有限责任公司|\n单位管理 : 北京市首发高速公路建设管理有限责任公司|\n管理协议 : |\n结构形式 : 梁式桥"
      }
    },
    {
      "type": "Feature",
      "geometry": {
        "type": "Point",
        "coordinates": [
          116.22751951,
          40.18865186
        ]
      },
      "properties": {
        "name": "京昌西桥",
        "type": "埝头管理所--交通桥",
        "params": {
          "备注": "",
          "单位名称": "",
          "序号": "3",
          "桩号": "66+895",
          "长(m)": "45.0",
          "宽(m)": "12.0",
          "设计荷载(T)": "汽20t",
          "建成时间": "1994年",
          "产权单位": "北京市路政局昌平分局",
          "单位管理": "北京市路政局昌平分局",
          "管理协议": "",
          "结构形式": "梁式桥"
        },
        "photos": [],
        "description": "备注 : |\n单位名称 : |\n序号 : 3|\n桩号 : 66+895|\n长(m) : 45.0|\n宽(m) : 12.0|\n设计荷载(T) : 汽20t|\n建成时间 : 1994年|\n产权单位 : 北京市路政局昌平分局|\n单位管理 : 北京市路政局昌平分局|\n管理协议 : |\n结构形式 : 梁式桥"
      }
    },
    {
      "type": "Feature",
      "geometry": {
        "type": "Point",
        "coordinates": [
          116.21675581,
          40.18810068
        ]
      },
      "properties": {
        "name": "马池口大车桥",
        "type": "埝头管理所--交通桥",
        "params": {
          "备注": "",
          "单位名称": "",
          "序号": "4",
          "桩号": "67+821",
          "长(m)": "45.0",
          "宽(m)": "3.0",
          "设计荷载(T)": "旧3t",
          "建成时间": "2005年移交",
          "产权单位": "北京北方企业集团公司",
          "单位管理": "北京北方企业集团公司",
          "管理协议": "",
          "结构形式": "梁式桥"
        },
        "photos": [],
        "description": "备注 : |\n单位名称 : |\n序号 : 4|\n桩号 : 67+821|\n长(m) : 45.0|\n宽(m) : 3.0|\n设计荷载(T) : 旧3t|\n建成时间 : 2005年移交|\n产权单位 : 北京北方企业集团公司|\n单位管理 : 北京北方企业集团公司|\n管理协议 : |\n结构形式 : 梁式桥"
      }
    },
    {
      "type": "Feature",
      "geometry": {
        "type": "Point",
        "coordinates": [
          116.20664656,
          40.18808634
        ]
      },
      "properties": {
        "name": "马池口公路桥",
        "type": "埝头管理所--交通桥",
        "params": {
          "备注": "",
          "单位名称": "",
          "序号": "5",
          "桩号": "68+766",
          "长(m)": "45.0",
          "宽(m)": "9.8",
          "设计荷载(T)": "汽20t、挂100t",
          "建成时间": "2006年",
          "产权单位": "北京北方企业集团公司",
          "单位管理": "北京北方企业集团公司",
          "管理协议": "",
          "结构形式": "梁式桥"
        },
        "photos": [],
        "description": "备注 : |\n单位名称 : |\n序号 : 5|\n桩号 : 68+766|\n长(m) : 45.0|\n宽(m) : 9.8|\n设计荷载(T) : 汽20t、挂100t|\n建成时间 : 2006年|\n产权单位 : 北京北方企业集团公司|\n单位管理 : 北京北方企业集团公司|\n管理协议 : |\n结构形式 : 梁式桥"
      }
    },
    {
      "type": "Feature",
      "geometry": {
        "type": "Point",
        "coordinates": [
          116.20325625,
          40.1866602
        ]
      },
      "properties": {
        "name": "京包跨渠桥",
        "type": "埝头管理所--交通桥",
        "params": {
          "备注": "",
          "单位名称": "",
          "序号": "6",
          "桩号": "68+944",
          "长(m)": "512.08",
          "宽(m)": "34.5",
          "设计荷载(T)": "汽超20t、挂120t",
          "建成时间": "2008年",
          "产权单位": "北京市首发高速公路建设管理有限责任公司",
          "单位管理": "北京市首发高速公路建设管理有限责任公司",
          "管理协议": "",
          "结构形式": "梁式桥"
        },
        "photos": [],
        "description": "备注 : |\n单位名称 : |\n序号 : 6|\n桩号 : 68+944|\n长(m) : 512.08|\n宽(m) : 34.5|\n设计荷载(T) : 汽超20t、挂120t|\n建成时间 : 2008年|\n产权单位 : 北京市首发高速公路建设管理有限责任公司|\n单位管理 : 北京市首发高速公路建设管理有限责任公司|\n管理协议 : |\n结构形式 : 梁式桥"
      }
    },
    {
      "type": "Feature",
      "geometry": {
        "type": "Point",
        "coordinates": [
          116.18625372,
          40.17670102
        ]
      },
      "properties": {
        "name": "横桥交通桥",
        "type": "埝头管理所--交通桥",
        "params": {
          "备注": "",
          "单位名称": "",
          "序号": "7",
          "桩号": "70+931",
          "长(m)": "36.0",
          "宽(m)": "9.6",
          "设计荷载(T)": "公路Ⅱ级",
          "建成时间": "2016翻建",
          "产权单位": "北京市京密引水管理处",
          "单位管理": "北京市京密引水管理处",
          "管理协议": "无",
          "结构形式": "梁式桥"
        },
        "photos": [],
        "description": "备注 : |\n单位名称 : |\n序号 : 7|\n桩号 : 70+931|\n长(m) : 36.0|\n宽(m) : 9.6|\n设计荷载(T) : 公路Ⅱ级|\n建成时间 : 2016翻建|\n产权单位 : 北京市京密引水管理处|\n单位管理 : 北京市京密引水管理处|\n管理协议 : 无|\n结构形式 : 梁式桥"
      }
    },
    {
      "type": "Feature",
      "geometry": {
        "type": "Point",
        "coordinates": [
          116.16447687,
          40.16313288
        ]
      },
      "properties": {
        "name": "兴延高速1",
        "type": "埝头管理所--交通桥",
        "params": {
          "备注": "",
          "单位名称": "",
          "序号": "8",
          "桩号": "73+361",
          "长(m)": "60.0",
          "宽(m)": "20.0",
          "设计荷载(T)": "",
          "建成时间": "2018年",
          "产权单位": "北京市兴延高速公路有限公司",
          "单位管理": "北京市兴延高速公路有限公司",
          "管理协议": "有",
          "结构形式": "梁式桥"
        },
        "photos": [],
        "description": "备注 : |\n单位名称 : |\n序号 : 8|\n桩号 : 73+361|\n长(m) : 60.0|\n宽(m) : 20.0|\n设计荷载(T) : |\n建成时间 : 2018年|\n产权单位 : 北京市兴延高速公路有限公司|\n单位管理 : 北京市兴延高速公路有限公司|\n管理协议 : 有|\n结构形式 : 梁式桥"
      }
    },
    {
      "type": "Feature",
      "geometry": {
        "type": "Point",
        "coordinates": [
          116.1636293,
          40.16224737
        ]
      },
      "properties": {
        "name": "兴延高速2",
        "type": "埝头管理所--交通桥",
        "params": {
          "备注": "",
          "单位名称": "",
          "序号": "9",
          "桩号": "73+487",
          "长(m)": "60.0",
          "宽(m)": "20.0",
          "设计荷载(T)": "",
          "建成时间": "2018年",
          "产权单位": "北京市兴延高速公路有限公司",
          "单位管理": "北京市兴延高速公路有限公司",
          "管理协议": "有",
          "结构形式": "梁式桥"
        },
        "photos": [],
        "description": "备注 : |\n单位名称 : |\n序号 : 9|\n桩号 : 73+487|\n长(m) : 60.0|\n宽(m) : 20.0|\n设计荷载(T) : |\n建成时间 : 2018年|\n产权单位 : 北京市兴延高速公路有限公司|\n单位管理 : 北京市兴延高速公路有限公司|\n管理协议 : 有|\n结构形式 : 梁式桥"
      }
    },
    {
      "type": "Feature",
      "geometry": {
        "type": "Point",
        "coordinates": [
          116.15740925,
          40.15536584
        ]
      },
      "properties": {
        "name": "史家桥大车桥",
        "type": "埝头管理所--交通桥",
        "params": {
          "备注": "",
          "单位名称": "",
          "序号": "10",
          "桩号": "74+492",
          "长(m)": "42.0",
          "宽(m)": "8.4",
          "设计荷载(T)": "公路Ⅱ级",
          "建成时间": "2005年",
          "产权单位": "北京市昌平区阳坊镇人民政府",
          "单位管理": "北京市昌平区阳坊镇人民政府",
          "管理协议": "有产权移交协议",
          "结构形式": "梁式桥"
        },
        "photos": [],
        "description": "备注 : |\n单位名称 : |\n序号 : 10|\n桩号 : 74+492|\n长(m) : 42.0|\n宽(m) : 8.4|\n设计荷载(T) : 公路Ⅱ级|\n建成时间 : 2005年|\n产权单位 : 北京市昌平区阳坊镇人民政府|\n单位管理 : 北京市昌平区阳坊镇人民政府|\n管理协议 : 有产权移交协议|\n结构形式 : 梁式桥"
      }
    },
    {
      "type": "Feature",
      "geometry": {
        "type": "Point",
        "coordinates": [
          116.15076542,
          40.14478492
        ]
      },
      "properties": {
        "name": "八口公路桥",
        "type": "埝头管理所--交通桥",
        "params": {
          "备注": "",
          "单位名称": "",
          "序号": "11",
          "桩号": "75+824",
          "长(m)": "50.0",
          "宽(m)": "32.0",
          "设计荷载(T)": "旧8t",
          "建成时间": "2008年",
          "产权单位": "北京市昌平区阳坊镇人民政府",
          "单位管理": "北京市昌平区阳坊镇人民政府",
          "管理协议": "有工程管理协议",
          "结构形式": "梁式桥"
        },
        "photos": [],
        "description": "备注 : |\n单位名称 : |\n序号 : 11|\n桩号 : 75+824|\n长(m) : 50.0|\n宽(m) : 32.0|\n设计荷载(T) : 旧8t|\n建成时间 : 2008年|\n产权单位 : 北京市昌平区阳坊镇人民政府|\n单位管理 : 北京市昌平区阳坊镇人民政府|\n管理协议 : 有工程管理协议|\n结构形式 : 梁式桥"
      }
    },
    {
      "type": "Feature",
      "geometry": {
        "type": "Point",
        "coordinates": [
          116.14876986,
          40.14155762
        ]
      },
      "properties": {
        "name": "八口交通桥",
        "type": "埝头管理所--交通桥",
        "params": {
          "备注": "",
          "单位名称": "",
          "序号": "12",
          "桩号": "76+204",
          "长(m)": "45.0",
          "宽(m)": "9.6",
          "设计荷载(T)": "公路Ⅱ级",
          "建成时间": "2016翻建",
          "产权单位": "北京市京密引水管理处",
          "单位管理": "北京市京密引水管理处",
          "管理协议": "无",
          "结构形式": "梁式桥"
        },
        "photos": [],
        "description": "备注 : |\n单位名称 : |\n序号 : 12|\n桩号 : 76+204|\n长(m) : 45.0|\n宽(m) : 9.6|\n设计荷载(T) : 公路Ⅱ级|\n建成时间 : 2016翻建|\n产权单位 : 北京市京密引水管理处|\n单位管理 : 北京市京密引水管理处|\n管理协议 : 无|\n结构形式 : 梁式桥"
      }
    },
    {
      "type": "Feature",
      "geometry": {
        "type": "Point",
        "coordinates": [
          116.14629686,
          40.13748125
        ]
      },
      "properties": {
        "name": "阳坊东街路网跨渠桥",
        "type": "埝头管理所--交通桥",
        "params": {
          "备注": "",
          "单位名称": "",
          "序号": "13",
          "桩号": "76+759",
          "长(m)": "50.0",
          "宽(m)": "30.0",
          "设计荷载(T)": "",
          "建成时间": "未验收",
          "产权单位": "北京市昌平区阳坊镇人民政府",
          "单位管理": "北京市昌平区阳坊镇人民政府",
          "管理协议": "有工程管理协议",
          "结构形式": "梁式桥"
        },
        "photos": [],
        "description": "备注 : |\n单位名称 : |\n序号 : 13|\n桩号 : 76+759|\n长(m) : 50.0|\n宽(m) : 30.0|\n设计荷载(T) : |\n建成时间 : 未验收|\n产权单位 : 北京市昌平区阳坊镇人民政府|\n单位管理 : 北京市昌平区阳坊镇人民政府|\n管理协议 : 有工程管理协议|\n结构形式 : 梁式桥"
      }
    },
    {
      "type": "Feature",
      "geometry": {
        "type": "Point",
        "coordinates": [
          116.14569872,
          40.13654415
        ]
      },
      "properties": {
        "name": "西贯市小铁桥",
        "type": "埝头管理所--交通桥",
        "params": {
          "备注": "",
          "单位名称": "",
          "序号": "14",
          "桩号": "76+817",
          "长(m)": "35.0",
          "宽(m)": "1.2",
          "设计荷载(T)": "",
          "建成时间": "1999年",
          "产权单位": "东贯市村委会",
          "单位管理": "东贯市村委会",
          "管理协议": "无",
          "结构形式": "平板桥"
        },
        "photos": [],
        "description": "备注 : |\n单位名称 : |\n序号 : 14|\n桩号 : 76+817|\n长(m) : 35.0|\n宽(m) : 1.2|\n设计荷载(T) : |\n建成时间 : 1999年|\n产权单位 : 东贯市村委会|\n单位管理 : 东贯市村委会|\n管理协议 : 无|\n结构形式 : 平板桥"
      }
    },
    {
      "type": "Feature",
      "geometry": {
        "type": "Point",
        "coordinates": [
          116.14235937,
          40.13258437
        ]
      },
      "properties": {
        "name": "西贯市铁路桥",
        "type": "埝头管理所--交通桥",
        "params": {
          "备注": "",
          "单位名称": "",
          "序号": "15",
          "桩号": "76+900",
          "长(m)": "91.9",
          "宽(m)": "7.0",
          "设计荷载(T)": "",
          "建成时间": "1980年",
          "产权单位": "中国铁路北京局集团有限公司北京工务段",
          "单位管理": "中国铁路北京局集团有限公司北京工务段",
          "管理协议": "无",
          "结构形式": "梁式桥"
        },
        "photos": [],
        "description": "备注 : |\n单位名称 : |\n序号 : 15|\n桩号 : 76+900|\n长(m) : 91.9|\n宽(m) : 7.0|\n设计荷载(T) : |\n建成时间 : 1980年|\n产权单位 : 中国铁路北京局集团有限公司北京工务段|\n单位管理 : 中国铁路北京局集团有限公司北京工务段|\n管理协议 : 无|\n结构形式 : 梁式桥"
      }
    },
    {
      "type": "Feature",
      "geometry": {
        "type": "Point",
        "coordinates": [
          116.13354564,
          40.1318133
        ]
      },
      "properties": {
        "name": "阳坊公路桥",
        "type": "埝头管理所--交通桥",
        "params": {
          "备注": "",
          "单位名称": "",
          "序号": "16",
          "桩号": "78+121",
          "长(m)": "48.0",
          "宽(m)": "24.0",
          "设计荷载(T)": "汽15t",
          "建成时间": "2007年",
          "产权单位": "北京市路政局昌平分局",
          "单位管理": "北京市路政局昌平分局",
          "管理协议": "有工程管理协议",
          "结构形式": "梁式桥"
        },
        "photos": [],
        "description": "备注 : |\n单位名称 : |\n序号 : 16|\n桩号 : 78+121|\n长(m) : 48.0|\n宽(m) : 24.0|\n设计荷载(T) : 汽15t|\n建成时间 : 2007年|\n产权单位 : 北京市路政局昌平分局|\n单位管理 : 北京市路政局昌平分局|\n管理协议 : 有工程管理协议|\n结构形式 : 梁式桥"
      }
    },
    {
      "type": "Feature",
      "geometry": {
        "type": "Point",
        "coordinates": [
          116.13084197,
          40.13110785
        ]
      },
      "properties": {
        "name": "沙阳路跨渠桥（阳坊1#桥）",
        "type": "埝头管理所--交通桥",
        "params": {
          "备注": "",
          "单位名称": "",
          "序号": "17",
          "桩号": "78+351",
          "长(m)": "75.0",
          "宽(m)": "32.0",
          "设计荷载(T)": "",
          "建成时间": "2006",
          "产权单位": "北京市首发高速公路建设管理有限责任公司",
          "单位管理": "北京市首发高速公路建设管理有限责任公司",
          "管理协议": "无",
          "结构形式": "梁式桥"
        },
        "photos": [],
        "description": "备注 : |\n单位名称 : |\n序号 : 17|\n桩号 : 78+351|\n长(m) : 75.0|\n宽(m) : 32.0|\n设计荷载(T) : |\n建成时间 : 2006|\n产权单位 : 北京市首发高速公路建设管理有限责任公司|\n单位管理 : 北京市首发高速公路建设管理有限责任公司|\n管理协议 : 无|\n结构形式 : 梁式桥"
      }
    },
    {
      "type": "Feature",
      "geometry": {
        "type": "Point",
        "coordinates": [
          116.12815976,
          40.12425803
        ]
      },
      "properties": {
        "name": "后西路跨渠桥（后白虎涧公路桥）",
        "type": "埝头管理所--交通桥",
        "params": {
          "备注": "",
          "单位名称": "",
          "序号": "18",
          "桩号": "79+200",
          "长(m)": "50.0",
          "宽(m)": "36.0",
          "设计荷载(T)": "",
          "建成时间": "未验收",
          "产权单位": "北京市昌平区阳坊镇人民政府",
          "单位管理": "北京市昌平区阳坊镇人民政府",
          "管理协议": "有工程管理协议",
          "结构形式": "梁式桥"
        },
        "photos": [],
        "description": "备注 : |\n单位名称 : |\n序号 : 18|\n桩号 : 79+200|\n长(m) : 50.0|\n宽(m) : 36.0|\n设计荷载(T) : |\n建成时间 : 未验收|\n产权单位 : 北京市昌平区阳坊镇人民政府|\n单位管理 : 北京市昌平区阳坊镇人民政府|\n管理协议 : 有工程管理协议|\n结构形式 : 梁式桥"
      }
    },
    {
      "type": "Feature",
      "geometry": {
        "type": "Point",
        "coordinates": [
          116.1676687,
          40.1666256
        ]
      },
      "properties": {
        "name": "土城节制闸",
        "type": "埝头管理所--节制闸",
        "params": {
          "备注": "",
          "桩号(Km+m)": "72+980",
          "设计流量(m3/s)": "40",
          "闸槛高程(m)": "47",
          "闸门结构形式": "平板钢闸门",
          "闸门规格(孔_宽*高m)": "2—5.0*4.0",
          "启闭形式": "卷扬式",
          "启闭机型号": "QPZY YZ132M2-6",
          "鉴定及改造情况": "鉴定二类闸，未大修"
        },
        "photos": [],
        "description": "备注 : |\n桩号(Km+m) : 72+980|\n设计流量(m3/s) : 40|\n闸槛高程(m) : 47|\n闸门结构形式 : 平板钢闸门|\n闸门规格(孔_宽*高m) : 2—5.0*4.0|\n启闭形式 : 卷扬式|\n启闭机型号 : QPZY YZ132M2-6|\n鉴定及改造情况 : 鉴定二类闸，未大修"
      }
    },
    {
      "type": "Feature",
      "geometry": {
        "type": "Point",
        "coordinates": [
          116.16549209,
          40.16424897
        ]
      },
      "properties": {
        "name": "土城倒虹吸出口",
        "type": "埝头管理所--清污机",
        "params": {
          "备注": "",
          "型号": "HQN5.0*5.39-750",
          "安装角度(度)": "75",
          "台数": "2",
          "方向": "反向"
        },
        "photos": [],
        "description": "备注 : |\n型号 : HQN5.0*5.39-750|\n安装角度(度) : 75|\n台数 : 2|\n方向 : 反向"
      }
    },
    {
      "type": "Feature",
      "geometry": {
        "type": "Point",
        "coordinates": [
          116.14314258,
          40.13302732
        ]
      },
      "properties": {
        "name": "西贯市山洪桥",
        "type": "埝头管理所--山洪桥",
        "params": {
          "备注": "",
          "桩号(km)": "77+269",
          "长(m)": "45",
          "宽(m)": "8",
          "设计荷载(t)": "公路-Ⅱ级",
          "建成时间": "2014年翻建",
          "所涉河流": "无"
        },
        "photos": [],
        "description": "备注 : |\n桩号(km) : 77+269|\n长(m) : 45|\n宽(m) : 8|\n设计荷载(t) : 公路-Ⅱ级|\n建成时间 : 2014年翻建|\n所涉河流 : 无"
      }
    },
    {
      "type": "Feature",
      "geometry": {
        "type": "Point",
        "coordinates": [
          116.12759114,
          40.12285517
        ]
      },
      "properties": {
        "name": "后白虎涧山洪桥",
        "type": "埝头管理所--山洪桥",
        "params": {
          "备注": "",
          "桩号(km)": "79+340",
          "长(m)": "32",
          "宽(m)": "28",
          "设计荷载(t)": "公路-Ⅱ级",
          "建成时间": "2014年翻建",
          "所涉河流": "叉河"
        },
        "photos": [],
        "description": "备注 : |\n桩号(km) : 79+340|\n长(m) : 32|\n宽(m) : 28|\n设计荷载(t) : 公路-Ⅱ级|\n建成时间 : 2014年翻建|\n所涉河流 : 叉河"
      }
    },
    {
      "type": "Feature",
      "geometry": {
        "type": "Point",
        "coordinates": [
          116.16802812,
          40.16670759
        ]
      },
      "properties": {
        "name": "土城泄洪闸",
        "type": "埝头管理所--泄洪闸",
        "params": {
          "备注": "",
          "桩号(Km+m)": "72+950",
          "设计流量(m3/s)": "30",
          "校核流量(m3/s)": "",
          "设计水位(m)": "51.21",
          "闸槛高程(m)": "48.19",
          "闸门重量(t)": "1.8",
          "启闭机型号": "QL-120-SD",
          "闸门规格(孔-宽*高m)": "2—2.5*3.5",
          "鉴定及改造情况": "鉴定二类闸，未大修",
          "所涉河流": "北沙河"
        },
        "photos": [],
        "description": "备注 : |\n桩号(Km+m) : 72+950|\n设计流量(m3/s) : 30|\n校核流量(m3/s) : |\n设计水位(m) : 51.21|\n闸槛高程(m) : 48.19|\n闸门重量(t) : 1.8|\n启闭机型号 : QL-120-SD|\n闸门规格(孔-宽*高m) : 2—2.5*3.5|\n鉴定及改造情况 : 鉴定二类闸，未大修|\n所涉河流 : 北沙河"
      }
    },
    {
      "type": "Feature",
      "geometry": {
        "type": "Point",
        "coordinates": [
          116.16061449,
          40.1591316
        ]
      },
      "properties": {
        "name": "土城倒虹吸下游",
        "type": "埝头管理所--雨水口",
        "params": {
          "备注": "",
          "桩号(Km+m)": "74+000",
          "方涵或管涵尺寸(m)": "1Φ0.6",
          "上游集水面积(m2)": "极少有雨水汇集",
          "排水性质": "雨水",
          "有无沉淀设施": "无",
          "封堵(引流)计划": "无"
        },
        "photos": [],
        "description": "备注 : |\n桩号(Km+m) : 74+000|\n方涵或管涵尺寸(m) : 1Φ0.6|\n上游集水面积(m2) : 极少有雨水汇集|\n排水性质 : 雨水|\n有无沉淀设施 : 无|\n封堵(引流)计划 : 无"
      }
    },
    {
      "type": "Feature",
      "geometry": {
        "type": "Point",
        "coordinates": [
          116.15433007,
          40.15092333
        ]
      },
      "properties": {
        "name": "史家桥下游1",
        "type": "埝头管理所--雨水口",
        "params": {
          "备注": "",
          "桩号(Km+m)": "75+030",
          "方涵或管涵尺寸(m)": "1Φ0.8",
          "上游集水面积(m2)": "极少有雨水汇集",
          "排水性质": "雨水",
          "有无沉淀设施": "无",
          "封堵(引流)计划": "无"
        },
        "photos": [],
        "description": "备注 : |\n桩号(Km+m) : 75+030|\n方涵或管涵尺寸(m) : 1Φ0.8|\n上游集水面积(m2) : 极少有雨水汇集|\n排水性质 : 雨水|\n有无沉淀设施 : 无|\n封堵(引流)计划 : 无"
      }
    },
    {
      "type": "Feature",
      "geometry": {
        "type": "Point",
        "coordinates": [
          116.1535871,
          40.14972807
        ]
      },
      "properties": {
        "name": "史家桥下游2",
        "type": "埝头管理所--雨水口",
        "params": {
          "备注": "",
          "桩号(Km+m)": "75+200",
          "方涵或管涵尺寸(m)": "1Φ0.8",
          "上游集水面积(m2)": "极少有雨水汇集",
          "排水性质": "雨水",
          "有无沉淀设施": "无",
          "封堵(引流)计划": "无"
        },
        "photos": [],
        "description": "备注 : |\n桩号(Km+m) : 75+200|\n方涵或管涵尺寸(m) : 1Φ0.8|\n上游集水面积(m2) : 极少有雨水汇集|\n排水性质 : 雨水|\n有无沉淀设施 : 无|\n封堵(引流)计划 : 无"
      }
    },
    {
      "type": "Feature",
      "geometry": {
        "type": "Point",
        "coordinates": [
          116.14872963,
          40.14182828
        ]
      },
      "properties": {
        "name": "八口节制闸下游1",
        "type": "埝头管理所--雨水口",
        "params": {
          "备注": "",
          "桩号(Km+m)": "76+175",
          "方涵或管涵尺寸(m)": "1Φ0.8",
          "上游集水面积(m2)": "极少有雨水汇集",
          "排水性质": "雨水",
          "有无沉淀设施": "无",
          "封堵(引流)计划": "无"
        },
        "photos": [],
        "description": "备注 : |\n桩号(Km+m) : 76+175|\n方涵或管涵尺寸(m) : 1Φ0.8|\n上游集水面积(m2) : 极少有雨水汇集|\n排水性质 : 雨水|\n有无沉淀设施 : 无|\n封堵(引流)计划 : 无"
      }
    },
    {
      "type": "Feature",
      "geometry": {
        "type": "Point",
        "coordinates": [
          116.14634513,
          40.13796518
        ]
      },
      "properties": {
        "name": "八口节制闸下游2",
        "type": "埝头管理所--雨水口",
        "params": {
          "备注": "",
          "桩号(Km+m)": "76+654",
          "方涵或管涵尺寸(m)": "1Φ0.6",
          "上游集水面积(m2)": "极少有雨水汇集",
          "排水性质": "雨水",
          "有无沉淀设施": "无",
          "封堵(引流)计划": "无"
        },
        "photos": [],
        "description": "备注 : |\n桩号(Km+m) : 76+654|\n方涵或管涵尺寸(m) : 1Φ0.6|\n上游集水面积(m2) : 极少有雨水汇集|\n排水性质 : 雨水|\n有无沉淀设施 : 无|\n封堵(引流)计划 : 无"
      }
    },
    {
      "type": "Feature",
      "geometry": {
        "type": "Point",
        "coordinates": [
          116.14539027,
          40.1363801
        ]
      },
      "properties": {
        "name": "八口节制闸下游3",
        "type": "埝头管理所--雨水口",
        "params": {
          "备注": "",
          "桩号(Km+m)": "76+835",
          "方涵或管涵尺寸(m)": "1Φ0.6",
          "上游集水面积(m2)": "极少有雨水汇集",
          "排水性质": "雨水",
          "有无沉淀设施": "无",
          "封堵(引流)计划": "无"
        },
        "photos": [],
        "description": "备注 : |\n桩号(Km+m) : 76+835|\n方涵或管涵尺寸(m) : 1Φ0.6|\n上游集水面积(m2) : 极少有雨水汇集|\n排水性质 : 雨水|\n有无沉淀设施 : 无|\n封堵(引流)计划 : 无"
      }
    },
    {
      "type": "Feature",
      "geometry": {
        "type": "Point",
        "coordinates": [
          116.13797665,
          40.13193634
        ]
      },
      "properties": {
        "name": "西贯市山洪桥下游",
        "type": "埝头管理所--雨水口",
        "params": {
          "备注": "",
          "桩号(Km+m)": "77+769",
          "方涵或管涵尺寸(m)": "1Φ0.8",
          "上游集水面积(m2)": "",
          "排水性质": "雨水",
          "有无沉淀设施": "无",
          "封堵(引流)计划": "有"
        },
        "photos": [],
        "description": "备注 : |\n桩号(Km+m) : 77+769|\n方涵或管涵尺寸(m) : 1Φ0.8|\n上游集水面积(m2) : |\n排水性质 : 雨水|\n有无沉淀设施 : 无|\n封堵(引流)计划 : 有"
      }
    },
    {
      "type": "Feature",
      "geometry": {
        "type": "Point",
        "coordinates": [
          116.13035381,
          40.13091508
        ]
      },
      "properties": {
        "name": "阳坊公路桥下游",
        "type": "埝头管理所--雨水口",
        "params": {
          "备注": "",
          "桩号(Km+m)": "78+407",
          "方涵或管涵尺寸(m)": "2.1*1.7",
          "上游集水面积(m2)": "",
          "排水性质": "雨水",
          "有无沉淀设施": "无",
          "封堵(引流)计划": "无"
        },
        "photos": [],
        "description": "备注 : |\n桩号(Km+m) : 78+407|\n方涵或管涵尺寸(m) : 2.1*1.7|\n上游集水面积(m2) : |\n排水性质 : 雨水|\n有无沉淀设施 : 无|\n封堵(引流)计划 : 无"
      }
    },
    {
      "type": "Feature",
      "geometry": {
        "type": "Point",
        "coordinates": [
          116.12581283,
          40.1181685
        ]
      },
      "properties": {
        "name": "后白虎涧山洪桥下游",
        "type": "埝头管理所--雨水口",
        "params": {
          "备注": "",
          "桩号(Km+m)": "79+840",
          "方涵或管涵尺寸(m)": "1Φ0.8",
          "上游集水面积(m2)": "极少有雨水汇集",
          "排水性质": "雨水",
          "有无沉淀设施": "无",
          "封堵(引流)计划": "无"
        },
        "photos": [],
        "description": "备注 : |\n桩号(Km+m) : 79+840|\n方涵或管涵尺寸(m) : 1Φ0.8|\n上游集水面积(m2) : 极少有雨水汇集|\n排水性质 : 雨水|\n有无沉淀设施 : 无|\n封堵(引流)计划 : 无"
      }
    },
    {
      "type": "Feature",
      "geometry": {
        "type": "Point",
        "coordinates": [
          116.12716734,
          40.09588751
        ]
      },
      "properties": {
        "name": "西山雨水口",
        "type": "温泉所--雨水口",
        "params": {
          "备注": "",
          "桩号(Km+m)": "82+374",
          "方涵或管涵尺寸(m)": "0.95*1.05",
          "上游集水面积(m2)": "",
          "排水性质": "雨水",
          "有无沉淀设施": "无",
          "封堵(引流)计划": "有"
        },
        "photos": [],
        "description": "备注 : |\n桩号(Km+m) : 82+374|\n方涵或管涵尺寸(m) : 0.95*1.05|\n上游集水面积(m2) : |\n排水性质 : 雨水|\n有无沉淀设施 : 无|\n封堵(引流)计划 : 有"
      }
    },
    {
      "type": "Feature",
      "geometry": {
        "type": "Point",
        "coordinates": [
          116.13745094,
          40.06102256
        ]
      },
      "properties": {
        "name": "六环桥下游雨水口",
        "type": "温泉所--雨水口",
        "params": {
          "备注": "",
          "桩号(Km+m)": "86+510",
          "方涵或管涵尺寸(m)": "0.95*1.05",
          "上游集水面积(m2)": "",
          "排水性质": "雨水",
          "有无沉淀设施": "无",
          "封堵(引流)计划": "有"
        },
        "photos": [],
        "description": "备注 : |\n桩号(Km+m) : 86+510|\n方涵或管涵尺寸(m) : 0.95*1.05|\n上游集水面积(m2) : |\n排水性质 : 雨水|\n有无沉淀设施 : 无|\n封堵(引流)计划 : 有"
      }
    },
    {
      "type": "Feature",
      "geometry": {
        "type": "Point",
        "coordinates": [
          116.14881814,
          40.0563501
        ]
      },
      "properties": {
        "name": "温泉镇雨洪入渠口",
        "type": "温泉所--雨水口",
        "params": {
          "备注": "",
          "桩号(Km+m)": "87+519",
          "方涵或管涵尺寸(m)": "0.95*1.05",
          "上游集水面积(m2)": "310000.0",
          "排水性质": "雨水",
          "有无沉淀设施": "无",
          "封堵(引流)计划": "有"
        },
        "photos": [],
        "description": "备注 : |\n桩号(Km+m) : 87+519|\n方涵或管涵尺寸(m) : 0.95*1.05|\n上游集水面积(m2) : 310000.0|\n排水性质 : 雨水|\n有无沉淀设施 : 无|\n封堵(引流)计划 : 有"
      }
    },
    {
      "type": "Feature",
      "geometry": {
        "type": "Point",
        "coordinates": [
          116.19299948,
          40.04217064
        ]
      },
      "properties": {
        "name": "卫生干部培训中心",
        "type": "温泉所--雨水口",
        "params": {
          "备注": "",
          "桩号(Km+m)": "91+810",
          "方涵或管涵尺寸(m)": "2Φ0.5",
          "上游集水面积(m2)": "480000.0",
          "排水性质": "雨污合流",
          "有无沉淀设施": "无",
          "封堵(引流)计划": "有"
        },
        "photos": [],
        "description": "备注 : |\n桩号(Km+m) : 91+810|\n方涵或管涵尺寸(m) : 2Φ0.5|\n上游集水面积(m2) : 480000.0|\n排水性质 : 雨污合流|\n有无沉淀设施 : 无|\n封堵(引流)计划 : 有"
      }
    },
    {
      "type": "Feature",
      "geometry": {
        "type": "Point",
        "coordinates": [
          116.25630498,
          40.03869206
        ]
      },
      "properties": {
        "name": "付家窑",
        "type": "温泉所--雨水口",
        "params": {
          "备注": "",
          "桩号(Km+m)": "97+502",
          "方涵或管涵尺寸(m)": "3.5*1.7",
          "上游集水面积(m2)": "126000.0",
          "排水性质": "雨水",
          "有无沉淀设施": "无",
          "封堵(引流)计划": "有"
        },
        "photos": [],
        "description": "备注 : |\n桩号(Km+m) : 97+502|\n方涵或管涵尺寸(m) : 3.5*1.7|\n上游集水面积(m2) : 126000.0|\n排水性质 : 雨水|\n有无沉淀设施 : 无|\n封堵(引流)计划 : 有"
      }
    },
    {
      "type": "Feature",
      "geometry": {
        "type": "Point",
        "coordinates": [
          116.25741542,
          40.03783368
        ]
      },
      "properties": {
        "name": "付家窑",
        "type": "温泉所--雨水口",
        "params": {
          "备注": "",
          "桩号(Km+m)": "97+639",
          "方涵或管涵尺寸(m)": "0.8*0.8",
          "上游集水面积(m2)": "",
          "排水性质": "雨水",
          "有无沉淀设施": "无",
          "封堵(引流)计划": "有"
        },
        "photos": [],
        "description": "备注 : |\n桩号(Km+m) : 97+639|\n方涵或管涵尺寸(m) : 0.8*0.8|\n上游集水面积(m2) : |\n排水性质 : 雨水|\n有无沉淀设施 : 无|\n封堵(引流)计划 : 有"
      }
    },
    {
      "type": "Feature",
      "geometry": {
        "type": "Point",
        "coordinates": [
          116.13002926,
          40.07671277
        ]
      },
      "properties": {
        "name": "前柳林泄洪闸",
        "type": "温泉所--泄洪闸",
        "params": {
          "备注": "",
          "桩号(Km+m)": "84+525",
          "设计流量(m3/s)": "30",
          "校核流量(m3/s)": "",
          "设计水位(m)": "50.42",
          "闸槛高程(m)": "47.25",
          "闸门重量(t)": "1.8",
          "启闭机型号": "JZ12-6",
          "闸门规格(孔-宽*高m)": "2—2.5*3.5",
          "鉴定及改造情况": "鉴定二类闸，未大修",
          "所涉河流": "柳林河"
        },
        "photos": [],
        "description": "备注 : |\n桩号(Km+m) : 84+525|\n设计流量(m3/s) : 30|\n校核流量(m3/s) : |\n设计水位(m) : 50.42|\n闸槛高程(m) : 47.25|\n闸门重量(t) : 1.8|\n启闭机型号 : JZ12-6|\n闸门规格(孔-宽*高m) : 2—2.5*3.5|\n鉴定及改造情况 : 鉴定二类闸，未大修|\n所涉河流 : 柳林河"
      }
    },
    {
      "type": "Feature",
      "geometry": {
        "type": "Point",
        "coordinates": [
          116.2648505,
          40.0038081
        ]
      },
      "properties": {
        "name": "安河闸泄洪闸",
        "type": "温泉所--泄洪闸",
        "params": {
          "备注": "",
          "桩号(Km+m)": "101+551",
          "设计流量(m3/s)": "30",
          "校核流量(m3/s)": "60.0",
          "设计水位(m)": "49.5",
          "闸槛高程(m)": "46.53",
          "闸门重量(t)": "3.15",
          "启闭机型号": "JZ12-6",
          "闸门规格(孔-宽*高m)": "2—5*3",
          "鉴定及改造情况": "鉴定二类闸，未大修",
          "所涉河流": "清河"
        },
        "photos": [],
        "description": "备注 : |\n桩号(Km+m) : 101+551|\n设计流量(m3/s) : 30|\n校核流量(m3/s) : 60.0|\n设计水位(m) : 49.5|\n闸槛高程(m) : 46.53|\n闸门重量(t) : 3.15|\n启闭机型号 : JZ12-6|\n闸门规格(孔-宽*高m) : 2—5*3|\n鉴定及改造情况 : 鉴定二类闸，未大修|\n所涉河流 : 清河"
      }
    },
    {
      "type": "Feature",
      "geometry": {
        "type": "Point",
        "coordinates": [
          116.12593353,
          40.11355124
        ]
      },
      "properties": {
        "name": "后沙涧山洪桥",
        "type": "温泉所--山洪桥",
        "params": {
          "备注": "",
          "桩号(km)": "80+390",
          "长(m)": "32",
          "宽(m)": "28",
          "设计荷载(t)": "公路-Ⅱ级",
          "建成时间": "2007年翻建",
          "所涉河流": "沙涧河"
        },
        "photos": [],
        "description": "备注 : |\n桩号(km) : 80+390|\n长(m) : 32|\n宽(m) : 28|\n设计荷载(t) : 公路-Ⅱ级|\n建成时间 : 2007年翻建|\n所涉河流 : 沙涧河"
      }
    },
    {
      "type": "Feature",
      "geometry": {
        "type": "Point",
        "coordinates": [
          116.1273712,
          40.10038902
        ]
      },
      "properties": {
        "name": "前沙涧山洪桥",
        "type": "温泉所--山洪桥",
        "params": {
          "备注": "",
          "桩号(km)": "81+877",
          "长(m)": "32",
          "宽(m)": "8",
          "设计荷载(t)": "公路-Ⅱ级",
          "建成时间": "2010年翻建",
          "所涉河流": "沙涧河"
        },
        "photos": [],
        "description": "备注 : |\n桩号(km) : 81+877|\n长(m) : 32|\n宽(m) : 8|\n设计荷载(t) : 公路-Ⅱ级|\n建成时间 : 2010年翻建|\n所涉河流 : 沙涧河"
      }
    },
    {
      "type": "Feature",
      "geometry": {
        "type": "Point",
        "coordinates": [
          116.12785936,
          40.08860323
        ]
      },
      "properties": {
        "name": "后柳林山洪桥",
        "type": "温泉所--山洪桥",
        "params": {
          "备注": "",
          "桩号(km)": "83+188",
          "长(m)": "48",
          "宽(m)": "48",
          "设计荷载(t)": "无",
          "建成时间": "1966年建",
          "所涉河流": "柳林山洪沟"
        },
        "photos": [],
        "description": "备注 : |\n桩号(km) : 83+188|\n长(m) : 48|\n宽(m) : 48|\n设计荷载(t) : 无|\n建成时间 : 1966年建|\n所涉河流 : 柳林山洪沟"
      }
    },
    {
      "type": "Feature",
      "geometry": {
        "type": "Point",
        "coordinates": [
          116.14464999,
          40.05819366
        ]
      },
      "properties": {
        "name": "辛庄山洪桥",
        "type": "温泉所--山洪桥",
        "params": {
          "备注": "",
          "桩号(km)": "87+122",
          "长(m)": "48",
          "宽(m)": "36",
          "设计荷载(t)": "无",
          "建成时间": "1966年建",
          "所涉河流": "三星庄后河"
        },
        "photos": [],
        "description": "备注 : |\n桩号(km) : 87+122|\n长(m) : 48|\n宽(m) : 36|\n设计荷载(t) : 无|\n建成时间 : 1966年建|\n所涉河流 : 三星庄后河"
      }
    },
    {
      "type": "Feature",
      "geometry": {
        "type": "Point",
        "coordinates": [
          116.16161228,
          40.05237128
        ]
      },
      "properties": {
        "name": "温泉倒虹吸入口",
        "type": "温泉所--清污机",
        "params": {
          "备注": "",
          "型号": "HQN-5.0*6.33-75",
          "安装角度(度)": "75",
          "台数": "2",
          "方向": "正向"
        },
        "photos": [],
        "description": "备注 : |\n型号 : HQN-5.0*6.33-75|\n安装角度(度) : 75|\n台数 : 2|\n方向 : 正向"
      }
    },
    {
      "type": "Feature",
      "geometry": {
        "type": "Point",
        "coordinates": [
          116.16218117,
          40.05225836
        ]
      },
      "properties": {
        "name": "温泉倒虹吸出口",
        "type": "温泉所--清污机",
        "params": {
          "备注": "",
          "型号": "HQN-5.0*6.33-75",
          "安装角度(度)": "75",
          "台数": "2",
          "方向": "反向"
        },
        "photos": [],
        "description": "备注 : |\n型号 : HQN-5.0*6.33-75|\n安装角度(度) : 75|\n台数 : 2|\n方向 : 反向"
      }
    },
    {
      "type": "Feature",
      "geometry": {
        "type": "Point",
        "coordinates": [
          116.26185313,
          40.00989245
        ]
      },
      "properties": {
        "name": "龙背闸（取水口）",
        "type": "温泉所--清污机",
        "params": {
          "备注": "",
          "型号": "HG-11-4200",
          "安装角度(度)": "90",
          "台数": "2",
          "方向": "正向"
        },
        "photos": [],
        "description": "备注 : |\n型号 : HG-11-4200|\n安装角度(度) : 90|\n台数 : 2|\n方向 : 正向"
      }
    },
    {
      "type": "Feature",
      "geometry": {
        "type": "Point",
        "coordinates": [
          116.25752137,
          39.99458653
        ]
      },
      "properties": {
        "name": "北闸正向",
        "type": "温泉所--清污机",
        "params": {
          "备注": "",
          "型号": "HQ-5*4.11-70",
          "安装角度(度)": "70",
          "台数": "3",
          "方向": "正向"
        },
        "photos": [],
        "description": "备注 : |\n型号 : HQ-5*4.11-70|\n安装角度(度) : 70|\n台数 : 3|\n方向 : 正向"
      }
    },
    {
      "type": "Feature",
      "geometry": {
        "type": "Point",
        "coordinates": [
          116.25750661,
          39.99453927
        ]
      },
      "properties": {
        "name": "北闸反向",
        "type": "温泉所--清污机",
        "params": {
          "备注": "",
          "型号": "HQ-5*4.11-70",
          "安装角度(度)": "70",
          "台数": "3",
          "方向": "反向"
        },
        "photos": [],
        "description": "备注 : |\n型号 : HQ-5*4.11-70|\n安装角度(度) : 70|\n台数 : 3|\n方向 : 反向"
      }
    },
    {
      "type": "Feature",
      "geometry": {
        "type": "Point",
        "coordinates": [
          116.25730276,
          39.99473037
        ]
      },
      "properties": {
        "name": "北长河",
        "type": "温泉所--进水闸",
        "params": {
          "备注": "",
          "桩号(Km+m)": "102+758",
          "设计流量(m3/s)": "35",
          "闸槛高程(m)": "48.3",
          "闸门结构形式": "平板钢闸门",
          "启闭机型号": "QL_80",
          "启闭形式": "螺杆式",
          "闸门规格(孔—宽*高m)": "4—1.7*1.7",
          "启闭机数量": "4",
          "鉴定及改造情况": "二类闸,更换启闭机"
        },
        "photos": [],
        "description": "备注 : |\n桩号(Km+m) : 102+758|\n设计流量(m3/s) : 35|\n闸槛高程(m) : 48.3|\n闸门结构形式 : 平板钢闸门|\n启闭机型号 : QL_80|\n启闭形式 : 螺杆式|\n闸门规格(孔—宽*高m) : 4—1.7*1.7|\n启闭机数量 : 4|\n鉴定及改造情况 : 二类闸,更换启闭机"
      }
    },
    {
      "type": "Feature",
      "geometry": {
        "type": "Point",
        "coordinates": [
          116.12988174,
          40.07615041
        ]
      },
      "properties": {
        "name": "前柳林节制闸",
        "type": "温泉所--节制闸",
        "params": {
          "备注": "",
          "桩号(Km+m)": "84+581",
          "设计流量(m3/s)": "40",
          "闸槛高程(m)": "45.945",
          "闸门结构形式": "平板钢闸门",
          "闸门规格(孔_宽*高m)": "2—5*4.0",
          "启闭形式": "卷扬式",
          "启闭机型号": "JZ12-6",
          "鉴定及改造情况": "鉴定三类闸"
        },
        "photos": [],
        "description": "备注 : |\n桩号(Km+m) : 84+581|\n设计流量(m3/s) : 40|\n闸槛高程(m) : 45.945|\n闸门结构形式 : 平板钢闸门|\n闸门规格(孔_宽*高m) : 2—5*4.0|\n启闭形式 : 卷扬式|\n启闭机型号 : JZ12-6|\n鉴定及改造情况 : 鉴定三类闸"
      }
    },
    {
      "type": "Feature",
      "geometry": {
        "type": "Point",
        "coordinates": [
          116.21800974,
          40.04072604
        ]
      },
      "properties": {
        "name": "屯佃节制闸",
        "type": "温泉所--节制闸",
        "params": {
          "备注": "",
          "桩号(Km+m)": "93+919",
          "设计流量(m3/s)": "40",
          "闸槛高程(m)": "46.975",
          "闸门结构形式": "平板钢闸门",
          "闸门规格(孔_宽*高m)": "3—5*4.0",
          "启闭形式": "卷扬式",
          "启闭机型号": "YZ132M1",
          "鉴定及改造情况": "鉴定二类闸，未大修"
        },
        "photos": [],
        "description": "备注 : |\n桩号(Km+m) : 93+919|\n设计流量(m3/s) : 40|\n闸槛高程(m) : 46.975|\n闸门结构形式 : 平板钢闸门|\n闸门规格(孔_宽*高m) : 3—5*4.0|\n启闭形式 : 卷扬式|\n启闭机型号 : YZ132M1|\n鉴定及改造情况 : 鉴定二类闸，未大修"
      }
    },
    {
      "type": "Feature",
      "geometry": {
        "type": "Point",
        "coordinates": [
          116.26189605,
          39.99988375
        ]
      },
      "properties": {
        "name": "颐和闸节制闸",
        "type": "温泉所--节制闸",
        "params": {
          "备注": "",
          "桩号(Km+m)": "102+039",
          "设计流量(m3/s)": "40",
          "闸槛高程(m)": "46.5",
          "闸门结构形式": "平板钢闸门",
          "闸门规格(孔_宽*高m)": "2—8*3.0",
          "启闭形式": "卷扬式",
          "启闭机型号": "JZ12-6",
          "鉴定及改造情况": "鉴定三类闸"
        },
        "photos": [],
        "description": "备注 : |\n桩号(Km+m) : 102+039|\n设计流量(m3/s) : 40|\n闸槛高程(m) : 46.5|\n闸门结构形式 : 平板钢闸门|\n闸门规格(孔_宽*高m) : 2—8*3.0|\n启闭形式 : 卷扬式|\n启闭机型号 : JZ12-6|\n鉴定及改造情况 : 鉴定三类闸"
      }
    },
    {
      "type": "Feature",
      "geometry": {
        "type": "Point",
        "coordinates": [
          116.2574932,
          39.99441598
        ]
      },
      "properties": {
        "name": "团城湖北闸",
        "type": "温泉所--节制闸",
        "params": {
          "备注": "",
          "桩号(Km+m)": "102+798",
          "设计流量(m3/s)": "40",
          "闸槛高程(m)": "46.45",
          "闸门结构形式": "平板钢闸门",
          "闸门规格(孔_宽*高m)": "2—8*3.3",
          "启闭形式": "卷扬式",
          "启闭机型号": "JZ12-6",
          "鉴定及改造情况": "鉴定二类闸，未大修"
        },
        "photos": [],
        "description": "备注 : |\n桩号(Km+m) : 102+798|\n设计流量(m3/s) : 40|\n闸槛高程(m) : 46.45|\n闸门结构形式 : 平板钢闸门|\n闸门规格(孔_宽*高m) : 2—8*3.3|\n启闭形式 : 卷扬式|\n启闭机型号 : JZ12-6|\n鉴定及改造情况 : 鉴定二类闸，未大修"
      }
    },
    {
      "type": "Feature",
      "geometry": {
        "type": "Point",
        "coordinates": [
          116.12737656,
          40.09852599
        ]
      },
      "properties": {
        "name": "翠湖北桥",
        "type": "温泉所--交通桥",
        "params": {
          "备注": "",
          "桩号": "82+076"
        },
        "photos": [],
        "description": "备注 : |\n桩号 : 82+076"
      }
    },
    {
      "type": "Feature",
      "geometry": {
        "type": "Point",
        "coordinates": [
          116.1274302,
          40.0943035
        ]
      },
      "properties": {
        "name": "齐鲁长虹桥",
        "type": "温泉所--交通桥",
        "params": {
          "备注": "",
          "桩号": "82+554"
        },
        "photos": [],
        "description": "备注 : |\n桩号 : 82+554"
      }
    },
    {
      "type": "Feature",
      "geometry": {
        "type": "Point",
        "coordinates": [
          116.13195777,
          40.06683189
        ]
      },
      "properties": {
        "name": "双北桥",
        "type": "温泉所--交通桥",
        "params": {
          "备注": "",
          "桩号": "85+670"
        },
        "photos": [],
        "description": "备注 : |\n桩号 : 85+670"
      }
    },
    {
      "type": "Feature",
      "geometry": {
        "type": "Point",
        "coordinates": [
          116.15895688,
          40.05308165
        ]
      },
      "properties": {
        "name": "温泉桥",
        "type": "温泉所--交通桥",
        "params": {
          "备注": "",
          "桩号": "88+461"
        },
        "photos": [],
        "description": "备注 : |\n桩号 : 88+461"
      }
    },
    {
      "type": "Feature",
      "geometry": {
        "type": "Point",
        "coordinates": [
          116.18051112,
          40.04795283
        ]
      },
      "properties": {
        "name": "杨家庄公路桥",
        "type": "温泉所--交通桥",
        "params": {
          "备注": "",
          "桩号": "90+402"
        },
        "photos": [],
        "description": "备注 : |\n桩号 : 90+402"
      }
    },
    {
      "type": "Feature",
      "geometry": {
        "type": "Point",
        "coordinates": [
          116.19872063,
          40.04076814
        ]
      },
      "properties": {
        "name": "太舟坞公路桥",
        "type": "温泉所--交通桥",
        "params": {
          "备注": "",
          "桩号": "92+210"
        },
        "photos": [],
        "description": "备注 : |\n桩号 : 92+210"
      }
    },
    {
      "type": "Feature",
      "geometry": {
        "type": "Point",
        "coordinates": [
          116.21661902,
          40.0403554
        ]
      },
      "properties": {
        "name": "屯佃桥",
        "type": "温泉所--交通桥",
        "params": {
          "备注": "",
          "桩号": "93+795"
        },
        "photos": [],
        "description": "备注 : |\n桩号 : 93+795"
      }
    },
    {
      "type": "Feature",
      "geometry": {
        "type": "Point",
        "coordinates": [
          116.23700917,
          40.04472916
        ]
      },
      "properties": {
        "name": "亮甲店桥",
        "type": "温泉所--交通桥",
        "params": {
          "备注": "",
          "桩号": "95+620"
        },
        "photos": [],
        "description": "备注 : |\n桩号 : 95+620"
      }
    },
    {
      "type": "Feature",
      "geometry": {
        "type": "Point",
        "coordinates": [
          116.25229776,
          40.0417846
        ]
      },
      "properties": {
        "name": "西北旺公路桥",
        "type": "温泉所--交通桥",
        "params": {
          "备注": "",
          "桩号": "97+002"
        },
        "photos": [],
        "description": "备注 : |\n桩号 : 97+002"
      }
    },
    {
      "type": "Feature",
      "geometry": {
        "type": "Point",
        "coordinates": [
          116.25975967,
          40.02972578
        ]
      },
      "properties": {
        "name": "黑山扈桥（农大桥）",
        "type": "温泉所--交通桥",
        "params": {
          "备注": "",
          "桩号": "98+590"
        },
        "photos": [],
        "description": "备注 : |\n桩号 : 98+590"
      }
    },
    {
      "type": "Feature",
      "geometry": {
        "type": "Point",
        "coordinates": [
          116.26024246,
          40.02312455
        ]
      },
      "properties": {
        "name": "309人行桥",
        "type": "温泉所--交通桥",
        "params": {
          "备注": "",
          "桩号": "99+327"
        },
        "photos": [],
        "description": "备注 : |\n桩号 : 99+327"
      }
    },
    {
      "type": "Feature",
      "geometry": {
        "type": "Point",
        "coordinates": [
          116.26128316,
          40.01922185
        ]
      },
      "properties": {
        "name": "天秀公路桥",
        "type": "温泉所--交通桥",
        "params": {
          "备注": "",
          "桩号": "99+769"
        },
        "photos": [],
        "description": "备注 : |\n桩号 : 99+769"
      }
    },
    {
      "type": "Feature",
      "geometry": {
        "type": "Point",
        "coordinates": [
          116.26154065,
          40.01465335
        ]
      },
      "properties": {
        "name": "国防桥（人行桥）",
        "type": "温泉所--交通桥",
        "params": {
          "备注": "",
          "桩号": "100+275"
        },
        "photos": [],
        "description": "备注 : |\n桩号 : 100+275"
      }
    },
    {
      "type": "Feature",
      "geometry": {
        "type": "Point",
        "coordinates": [
          116.26345575,
          40.00747131
        ]
      },
      "properties": {
        "name": "颐阳路跨河桥（安河桥）",
        "type": "温泉所--交通桥",
        "params": {
          "备注": "",
          "桩号": "101+089"
        },
        "photos": [],
        "description": "备注 : |\n桩号 : 101+089"
      }
    },
    {
      "type": "Feature",
      "geometry": {
        "type": "Point",
        "coordinates": [
          116.26459837,
          40.00427449
        ]
      },
      "properties": {
        "name": "红山口桥",
        "type": "温泉所--交通桥",
        "params": {
          "备注": "",
          "桩号": "101+499"
        },
        "photos": [],
        "description": "备注 : |\n桩号 : 101+499"
      }
    },
    {
      "type": "Feature",
      "geometry": {
        "type": "Point",
        "coordinates": [
          116.26288712,
          40.00200621
        ]
      },
      "properties": {
        "name": "青龙桥",
        "type": "温泉所--交通桥",
        "params": {
          "备注": "",
          "桩号": "101+809"
        },
        "photos": [],
        "description": "备注 : |\n桩号 : 101+809"
      }
    },
    {
      "type": "Feature",
      "geometry": {
        "type": "Point",
        "coordinates": [
          116.25899791,
          39.99624273
        ]
      },
      "properties": {
        "name": "造纸厂桥",
        "type": "温泉所--交通桥",
        "params": {
          "备注": "",
          "桩号": "102+550"
        },
        "photos": [],
        "description": "备注 : |\n桩号 : 102+550"
      }
    },
    {
      "type": "Feature",
      "geometry": {
        "type": "Point",
        "coordinates": [
          116.18098855,
          40.04782554
        ]
      },
      "properties": {
        "name": "白家疃",
        "type": "温泉所--过渠涵洞",
        "params": {
          "备注": "",
          "桩号(Km+m)": "90+432",
          "洞身长度(m)": "70.0",
          "设计流量(m3/s)": "113.0",
          "校核流量(m3/s)": "",
          "进口高程(m)": "43.52",
          "出口高程(m)": "43.52",
          "断面尺寸(孔-宽*高m)": "5-3.8*2",
          "运行情况": "良好",
          "所涉河流": "东埠头排洪渠"
        },
        "photos": [],
        "description": "备注 : |\n桩号(Km+m) : 90+432|\n洞身长度(m) : 70.0|\n设计流量(m3/s) : 113.0|\n校核流量(m3/s) : |\n进口高程(m) : 43.52|\n出口高程(m) : 43.52|\n断面尺寸(孔-宽*高m) : 5-3.8*2|\n运行情况 : 良好|\n所涉河流 : 东埠头排洪渠"
      }
    },
    {
      "type": "Feature",
      "geometry": {
        "type": "Point",
        "coordinates": [
          116.1885792,
          40.04608435
        ]
      },
      "properties": {
        "name": "杨家庄",
        "type": "温泉所--过渠涵洞",
        "params": {
          "备注": "",
          "桩号(Km+m)": "91+120",
          "洞身长度(m)": "71.0",
          "设计流量(m3/s)": "32.0",
          "校核流量(m3/s)": "50.0",
          "进口高程(m)": "44.85",
          "出口高程(m)": "44.78",
          "断面尺寸(孔-宽*高m)": "2-3*1.5",
          "运行情况": "有渗漏",
          "所涉河流": "东埠头沟"
        },
        "photos": [],
        "description": "备注 : |\n桩号(Km+m) : 91+120|\n洞身长度(m) : 71.0|\n设计流量(m3/s) : 32.0|\n校核流量(m3/s) : 50.0|\n进口高程(m) : 44.85|\n出口高程(m) : 44.78|\n断面尺寸(孔-宽*高m) : 2-3*1.5|\n运行情况 : 有渗漏|\n所涉河流 : 东埠头沟"
      }
    },
    {
      "type": "Feature",
      "geometry": {
        "type": "Point",
        "coordinates": [
          116.21058941,
          40.03879063
        ]
      },
      "properties": {
        "name": "冷泉西",
        "type": "温泉所--过渠涵洞",
        "params": {
          "备注": "",
          "桩号(Km+m)": "93+252",
          "洞身长度(m)": "84.0",
          "设计流量(m3/s)": "22.8",
          "校核流量(m3/s)": "66.0",
          "进口高程(m)": "44.74",
          "出口高程(m)": "44.68",
          "断面尺寸(孔-宽*高m)": "3-3*1.5",
          "运行情况": "有渗漏",
          "所涉河流": "冷泉沟"
        },
        "photos": [],
        "description": "备注 : |\n桩号(Km+m) : 93+252|\n洞身长度(m) : 84.0|\n设计流量(m3/s) : 22.8|\n校核流量(m3/s) : 66.0|\n进口高程(m) : 44.74|\n出口高程(m) : 44.68|\n断面尺寸(孔-宽*高m) : 3-3*1.5|\n运行情况 : 有渗漏|\n所涉河流 : 冷泉沟"
      }
    },
    {
      "type": "Feature",
      "geometry": {
        "type": "Point",
        "coordinates": [
          116.21642053,
          40.04031022
        ]
      },
      "properties": {
        "name": "冷泉东",
        "type": "温泉所--过渠涵洞",
        "params": {
          "备注": "",
          "桩号(Km+m)": "93+778",
          "洞身长度(m)": "93.0",
          "设计流量(m3/s)": "48.0",
          "校核流量(m3/s)": "74.0",
          "进口高程(m)": "44.7",
          "出口高程(m)": "44.63",
          "断面尺寸(孔-宽*高m)": "3-3*1.5",
          "运行情况": "有渗漏",
          "所涉河流": "屯佃排洪沟"
        },
        "photos": [],
        "description": "备注 : |\n桩号(Km+m) : 93+778|\n洞身长度(m) : 93.0|\n设计流量(m3/s) : 48.0|\n校核流量(m3/s) : 74.0|\n进口高程(m) : 44.7|\n出口高程(m) : 44.63|\n断面尺寸(孔-宽*高m) : 3-3*1.5|\n运行情况 : 有渗漏|\n所涉河流 : 屯佃排洪沟"
      }
    },
    {
      "type": "Feature",
      "geometry": {
        "type": "Point",
        "coordinates": [
          116.23268008,
          40.04437187
        ]
      },
      "properties": {
        "name": "韩家川",
        "type": "温泉所--过渠涵洞",
        "params": {
          "备注": "",
          "桩号(Km+m)": "95+253",
          "洞身长度(m)": "76.0",
          "设计流量(m3/s)": "48.0",
          "校核流量(m3/s)": "75.0",
          "进口高程(m)": "44.43",
          "出口高程(m)": "44.38",
          "断面尺寸(孔-宽*高m)": "2-3*1.5",
          "运行情况": "有渗漏",
          "所涉河流": "宏丰排水渠"
        },
        "photos": [],
        "description": "备注 : |\n桩号(Km+m) : 95+253|\n洞身长度(m) : 76.0|\n设计流量(m3/s) : 48.0|\n校核流量(m3/s) : 75.0|\n进口高程(m) : 44.43|\n出口高程(m) : 44.38|\n断面尺寸(孔-宽*高m) : 2-3*1.5|\n运行情况 : 有渗漏|\n所涉河流 : 宏丰排水渠"
      }
    },
    {
      "type": "Feature",
      "geometry": {
        "type": "Point",
        "coordinates": [
          116.26149237,
          40.01777574
        ]
      },
      "properties": {
        "name": "黑山扈",
        "type": "温泉所--过渠涵洞",
        "params": {
          "备注": "",
          "桩号(Km+m)": "99+941",
          "洞身长度(m)": "70.0",
          "设计流量(m3/s)": "27.0",
          "校核流量(m3/s)": "43.0",
          "进口高程(m)": "44.33",
          "出口高程(m)": "44.27",
          "断面尺寸(孔-宽*高m)": "2-3*1.5",
          "运行情况": "有渗漏",
          "所涉河流": "清河"
        },
        "photos": [],
        "description": "备注 : |\n桩号(Km+m) : 99+941|\n洞身长度(m) : 70.0|\n设计流量(m3/s) : 27.0|\n校核流量(m3/s) : 43.0|\n进口高程(m) : 44.33|\n出口高程(m) : 44.27|\n断面尺寸(孔-宽*高m) : 2-3*1.5|\n运行情况 : 有渗漏|\n所涉河流 : 清河"
      }
    },
    {
      "type": "Feature",
      "geometry": {
        "type": "Point",
        "coordinates": [
          116.26455546,
          40.00381015
        ]
      },
      "properties": {
        "name": "北旱河",
        "type": "温泉所--过渠涵洞",
        "params": {
          "备注": "",
          "桩号(Km+m)": "101+551",
          "洞身长度(m)": "56.38",
          "设计流量(m3/s)": "106.0",
          "校核流量(m3/s)": "162.0",
          "进口高程(m)": "47.0",
          "出口高程(m)": "44.08",
          "断面尺寸(孔-宽*高m)": "4-5*2",
          "运行情况": "有渗漏",
          "所涉河流": "北旱河、清河"
        },
        "photos": [],
        "description": "备注 : |\n桩号(Km+m) : 101+551|\n洞身长度(m) : 56.38|\n设计流量(m3/s) : 106.0|\n校核流量(m3/s) : 162.0|\n进口高程(m) : 47.0|\n出口高程(m) : 44.08|\n断面尺寸(孔-宽*高m) : 4-5*2|\n运行情况 : 有渗漏|\n所涉河流 : 北旱河、清河"
      }
    },
    {
      "type": "Feature",
      "geometry": {
        "type": "Point",
        "coordinates": [
          116.2574476,
          39.99445913
        ]
      },
      "properties": {
        "name": "北闸工作桥",
        "type": "温泉所--工作桥",
        "params": {
          "备注": "",
          "桩号(Km+m)": "102+794",
          "桥梁形式": "混凝土桥",
          "引水渠底高程(m)": "46.45",
          "规格 跨-宽×高": "2-4.5*17",
          "设计荷载": "10t",
          "修建时间": "1974年"
        },
        "photos": [],
        "description": "备注 : |\n桩号(Km+m) : 102+794|\n桥梁形式 : 混凝土桥|\n引水渠底高程(m) : 46.45|\n规格 跨-宽×高 : 2-4.5*17|\n设计荷载 : 10t|\n修建时间 : 1974年"
      }
    },
    {
      "type": "Feature",
      "geometry": {
        "type": "Point",
        "coordinates": [
          116.1267449,
          40.11980528
        ]
      },
      "properties": {
        "name": "后沙涧",
        "type": "温泉所--分水闸",
        "params": {
          "备注": "",
          "桩号(Km+m)": "79+680",
          "启闭机型号": "QLC-2A",
          "设计流量(m3/s)": "0.7",
          "引水渠底高程分水闸底高程(m)": "47.78/48.28",
          "进口尺寸(cm)": "1-φ80",
          "鉴定及改造情况": "二类",
          "权属": "京引",
          "所涉河流": "叉河"
        },
        "photos": [],
        "description": "备注 : |\n桩号(Km+m) : 79+680|\n启闭机型号 : QLC-2A|\n设计流量(m3/s) : 0.7|\n引水渠底高程分水闸底高程(m) : 47.78/48.28|\n进口尺寸(cm) : 1-φ80|\n鉴定及改造情况 : 二类|\n权属 : 京引|\n所涉河流 : 叉河"
      }
    },
    {
      "type": "Feature",
      "geometry": {
        "type": "Point",
        "coordinates": [
          116.12760186,
          40.09784901
        ]
      },
      "properties": {
        "name": "前沙涧南干",
        "type": "温泉所--分水闸",
        "params": {
          "备注": "",
          "桩号(Km+m)": "82+095",
          "启闭机型号": "QLC-2A",
          "设计流量(m3/s)": "0.5",
          "引水渠底高程分水闸底高程(m)": "47.66/48.16",
          "进口尺寸(cm)": "1-φ70",
          "鉴定及改造情况": "二类",
          "权属": "京引",
          "所涉河流": ""
        },
        "photos": [],
        "description": "备注 : |\n桩号(Km+m) : 82+095|\n启闭机型号 : QLC-2A|\n设计流量(m3/s) : 0.5|\n引水渠底高程分水闸底高程(m) : 47.66/48.16|\n进口尺寸(cm) : 1-φ70|\n鉴定及改造情况 : 二类|\n权属 : 京引|\n所涉河流 :"
      }
    },
    {
      "type": "Feature",
      "geometry": {
        "type": "Point",
        "coordinates": [
          116.12769306,
          40.0908481
        ]
      },
      "properties": {
        "name": "柳林新口",
        "type": "温泉所--分水闸",
        "params": {
          "备注": "",
          "桩号(Km+m)": "82+932",
          "启闭机型号": "QLC-2A",
          "设计流量(m3/s)": "0.4",
          "引水渠底高程分水闸底高程(m)": "47.60/48.20",
          "进口尺寸(cm)": "1-φ50",
          "鉴定及改造情况": "二类",
          "权属": "京引",
          "所涉河流": ""
        },
        "photos": [],
        "description": "备注 : |\n桩号(Km+m) : 82+932|\n启闭机型号 : QLC-2A|\n设计流量(m3/s) : 0.4|\n引水渠底高程分水闸底高程(m) : 47.60/48.20|\n进口尺寸(cm) : 1-φ50|\n鉴定及改造情况 : 二类|\n权属 : 京引|\n所涉河流 :"
      }
    },
    {
      "type": "Feature",
      "geometry": {
        "type": "Point",
        "coordinates": [
          116.13163054,
          40.06826875
        ]
      },
      "properties": {
        "name": "西小营",
        "type": "温泉所--分水闸",
        "params": {
          "备注": "",
          "桩号(Km+m)": "85+469",
          "启闭机型号": "QLC-3A",
          "设计流量(m3/s)": "1.5",
          "引水渠底高程分水闸底高程(m)": "47.46/47.96",
          "进口尺寸(cm)": "1-φ125",
          "鉴定及改造情况": "二类",
          "权属": "京引",
          "所涉河流": ""
        },
        "photos": [],
        "description": "备注 : |\n桩号(Km+m) : 85+469|\n启闭机型号 : QLC-3A|\n设计流量(m3/s) : 1.5|\n引水渠底高程分水闸底高程(m) : 47.46/47.96|\n进口尺寸(cm) : 1-φ125|\n鉴定及改造情况 : 二类|\n权属 : 京引|\n所涉河流 :"
      }
    },
    {
      "type": "Feature",
      "geometry": {
        "type": "Point",
        "coordinates": [
          116.13794983,
          40.06115805
        ]
      },
      "properties": {
        "name": "新建温泉水厂取水口",
        "type": "温泉所--分水闸",
        "params": {
          "备注": "",
          "桩号(Km+m)": "86+480",
          "启闭机型号": "MFAZ-60-1.5KW",
          "设计流量(m3/s)": "2.8",
          "引水渠底高程分水闸底高程(m)": "46.75/47.25",
          "进口尺寸(cm)": "2-φ140",
          "鉴定及改造情况": "",
          "权属": "",
          "所涉河流": ""
        },
        "photos": [],
        "description": "备注 : |\n桩号(Km+m) : 86+480|\n启闭机型号 : MFAZ-60-1.5KW|\n设计流量(m3/s) : 2.8|\n引水渠底高程分水闸底高程(m) : 46.75/47.25|\n进口尺寸(cm) : 2-φ140|\n鉴定及改造情况 : |\n权属 : |\n所涉河流 :"
      }
    },
    {
      "type": "Feature",
      "geometry": {
        "type": "Point",
        "coordinates": [
          116.16464853,
          40.0518621
        ]
      },
      "properties": {
        "name": "三星庄",
        "type": "温泉所--分水闸",
        "params": {
          "备注": "",
          "桩号(Km+m)": "88+981",
          "启闭机型号": "QLC-2A",
          "设计流量(m3/s)": "1.0",
          "引水渠底高程分水闸底高程(m)": "47.25/47.75",
          "进口尺寸(cm)": "1-φ100",
          "鉴定及改造情况": "二类",
          "权属": "京引",
          "所涉河流": ""
        },
        "photos": [],
        "description": "备注 : |\n桩号(Km+m) : 88+981|\n启闭机型号 : QLC-2A|\n设计流量(m3/s) : 1.0|\n引水渠底高程分水闸底高程(m) : 47.25/47.75|\n进口尺寸(cm) : 1-φ100|\n鉴定及改造情况 : 二类|\n权属 : 京引|\n所涉河流 :"
      }
    },
    {
      "type": "Feature",
      "geometry": {
        "type": "Point",
        "coordinates": [
          116.18966818,
          40.04589134
        ]
      },
      "properties": {
        "name": "杨家庄新建",
        "type": "温泉所--分水闸",
        "params": {
          "备注": "",
          "桩号(Km+m)": "91+192",
          "启闭机型号": "QL-80",
          "设计流量(m3/s)": "",
          "引水渠底高程分水闸底高程(m)": "",
          "进口尺寸(cm)": "",
          "鉴定及改造情况": "",
          "权属": "",
          "所涉河流": "东埠头沟"
        },
        "photos": [],
        "description": "备注 : |\n桩号(Km+m) : 91+192|\n启闭机型号 : QL-80|\n设计流量(m3/s) : |\n引水渠底高程分水闸底高程(m) : |\n进口尺寸(cm) : |\n鉴定及改造情况 : |\n权属 : |\n所涉河流 : 东埠头沟"
      }
    },
    {
      "type": "Feature",
      "geometry": {
        "type": "Point",
        "coordinates": [
          116.19688332,
          40.04128356
        ]
      },
      "properties": {
        "name": "太舟坞１",
        "type": "温泉所--分水闸",
        "params": {
          "备注": "",
          "桩号(Km+m)": "92+045",
          "启闭机型号": "QLC-2A",
          "设计流量(m3/s)": "0.4",
          "引水渠底高程分水闸底高程(m)": "47.07/47.77",
          "进口尺寸(cm)": "1-φ50",
          "鉴定及改造情况": "二类",
          "权属": "京引",
          "所涉河流": ""
        },
        "photos": [],
        "description": "备注 : |\n桩号(Km+m) : 92+045|\n启闭机型号 : QLC-2A|\n设计流量(m3/s) : 0.4|\n引水渠底高程分水闸底高程(m) : 47.07/47.77|\n进口尺寸(cm) : 1-φ50|\n鉴定及改造情况 : 二类|\n权属 : 京引|\n所涉河流 :"
      }
    },
    {
      "type": "Feature",
      "geometry": {
        "type": "Point",
        "coordinates": [
          116.19922221,
          40.04084413
        ]
      },
      "properties": {
        "name": "太舟坞新建",
        "type": "温泉所--分水闸",
        "params": {
          "备注": "",
          "桩号(Km+m)": "",
          "启闭机型号": "QL-80",
          "设计流量(m3/s)": "",
          "引水渠底高程分水闸底高程(m)": "",
          "进口尺寸(cm)": "",
          "鉴定及改造情况": "",
          "权属": "",
          "所涉河流": "画眉山滨水公园"
        },
        "photos": [],
        "description": "备注 : |\n桩号(Km+m) : |\n启闭机型号 : QL-80|\n设计流量(m3/s) : |\n引水渠底高程分水闸底高程(m) : |\n进口尺寸(cm) : |\n鉴定及改造情况 : |\n权属 : |\n所涉河流 : 画眉山滨水公园"
      }
    },
    {
      "type": "Feature",
      "geometry": {
        "type": "Point",
        "coordinates": [
          116.23230993,
          40.04457721
        ]
      },
      "properties": {
        "name": "宏丰",
        "type": "温泉所--分水闸",
        "params": {
          "备注": "",
          "桩号(Km+m)": "95+223",
          "启闭机型号": "QL-80",
          "设计流量(m3/s)": "3.5",
          "引水渠底高程分水闸底高程(m)": "46.86/47.06",
          "进口尺寸(cm)": "1-φ164",
          "鉴定及改造情况": "二类",
          "权属": "京引",
          "所涉河流": ""
        },
        "photos": [],
        "description": "备注 : |\n桩号(Km+m) : 95+223|\n启闭机型号 : QL-80|\n设计流量(m3/s) : 3.5|\n引水渠底高程分水闸底高程(m) : 46.86/47.06|\n进口尺寸(cm) : 1-φ164|\n鉴定及改造情况 : 二类|\n权属 : 京引|\n所涉河流 :"
      }
    },
    {
      "type": "Feature",
      "geometry": {
        "type": "Point",
        "coordinates": [
          116.23718351,
          40.04492012
        ]
      },
      "properties": {
        "name": "崔家窑",
        "type": "温泉所--分水闸",
        "params": {
          "备注": "",
          "桩号(Km+m)": "95+636",
          "启闭机型号": "QLC-2A",
          "设计流量(m3/s)": "0.5",
          "引水渠底高程分水闸底高程(m)": "46.85/46.90",
          "进口尺寸(cm)": "1-φ80",
          "鉴定及改造情况": "二类",
          "权属": "京引",
          "所涉河流": ""
        },
        "photos": [],
        "description": "备注 : |\n桩号(Km+m) : 95+636|\n启闭机型号 : QLC-2A|\n设计流量(m3/s) : 0.5|\n引水渠底高程分水闸底高程(m) : 46.85/46.90|\n进口尺寸(cm) : 1-φ80|\n鉴定及改造情况 : 二类|\n权属 : 京引|\n所涉河流 :"
      }
    },
    {
      "type": "Feature",
      "geometry": {
        "type": "Point",
        "coordinates": [
          116.24194443,
          40.04519732
        ]
      },
      "properties": {
        "name": "五一",
        "type": "温泉所--分水闸",
        "params": {
          "备注": "",
          "桩号(Km+m)": "96+041",
          "启闭机型号": "QL-80",
          "设计流量(m3/s)": "1.5",
          "引水渠底高程分水闸底高程(m)": "46.83/47.33",
          "进口尺寸(cm)": "1-φ125",
          "鉴定及改造情况": "二类",
          "权属": "京引",
          "所涉河流": ""
        },
        "photos": [],
        "description": "备注 : |\n桩号(Km+m) : 96+041|\n启闭机型号 : QL-80|\n设计流量(m3/s) : 1.5|\n引水渠底高程分水闸底高程(m) : 46.83/47.33|\n进口尺寸(cm) : 1-φ125|\n鉴定及改造情况 : 二类|\n权属 : 京引|\n所涉河流 :"
      }
    },
    {
      "type": "Feature",
      "geometry": {
        "type": "Point",
        "coordinates": [
          116.25201345,
          40.04209672
        ]
      },
      "properties": {
        "name": "北干",
        "type": "温泉所--分水闸",
        "params": {
          "备注": "",
          "桩号(Km+m)": "96+968",
          "启闭机型号": "QLC-2A",
          "设计流量(m3/s)": "1.0",
          "引水渠底高程分水闸底高程(m)": "46.79/47.29",
          "进口尺寸(cm)": "1-φ100",
          "鉴定及改造情况": "二类",
          "权属": "京引",
          "所涉河流": ""
        },
        "photos": [],
        "description": "备注 : |\n桩号(Km+m) : 96+968|\n启闭机型号 : QLC-2A|\n设计流量(m3/s) : 1.0|\n引水渠底高程分水闸底高程(m) : 46.79/47.29|\n进口尺寸(cm) : 1-φ100|\n鉴定及改造情况 : 二类|\n权属 : 京引|\n所涉河流 :"
      }
    },
    {
      "type": "Feature",
      "geometry": {
        "type": "Point",
        "coordinates": [
          116.25931978,
          40.03656868
        ]
      },
      "properties": {
        "name": "东干",
        "type": "温泉所--分水闸",
        "params": {
          "备注": "",
          "桩号(Km+m)": "97+838",
          "启闭机型号": "QLC-5A",
          "设计流量(m3/s)": "3.5",
          "引水渠底高程分水闸底高程(m)": "46.72/46.92",
          "进口尺寸(cm)": "1-φ164",
          "鉴定及改造情况": "二类",
          "权属": "京引",
          "所涉河流": ""
        },
        "photos": [],
        "description": "备注 : |\n桩号(Km+m) : 97+838|\n启闭机型号 : QLC-5A|\n设计流量(m3/s) : 3.5|\n引水渠底高程分水闸底高程(m) : 46.72/46.92|\n进口尺寸(cm) : 1-φ164|\n鉴定及改造情况 : 二类|\n权属 : 京引|\n所涉河流 :"
      }
    },
    {
      "type": "Feature",
      "geometry": {
        "type": "Point",
        "coordinates": [
          116.26016736,
          40.0250142
        ]
      },
      "properties": {
        "name": "农大",
        "type": "温泉所--分水闸",
        "params": {
          "备注": "",
          "桩号(Km+m)": "99+119",
          "启闭机型号": "QLC-2A",
          "设计流量(m3/s)": "0.5",
          "引水渠底高程分水闸底高程(m)": "46.65/47.60",
          "进口尺寸(cm)": "1-φ80",
          "鉴定及改造情况": "二类",
          "权属": "京引",
          "所涉河流": ""
        },
        "photos": [],
        "description": "备注 : |\n桩号(Km+m) : 99+119|\n启闭机型号 : QLC-2A|\n设计流量(m3/s) : 0.5|\n引水渠底高程分水闸底高程(m) : 46.65/47.60|\n进口尺寸(cm) : 1-φ80|\n鉴定及改造情况 : 二类|\n权属 : 京引|\n所涉河流 :"
      }
    },
    {
      "type": "Feature",
      "geometry": {
        "type": "Point",
        "coordinates": [
          116.2599957,
          40.02337719
        ]
      },
      "properties": {
        "name": "三零九",
        "type": "温泉所--分水闸",
        "params": {
          "备注": "",
          "桩号(Km+m)": "99+300",
          "启闭机型号": "QLC-2A",
          "设计流量(m3/s)": "0.5",
          "引水渠底高程分水闸底高程(m)": "46.60/47.60",
          "进口尺寸(cm)": "1-φ80",
          "鉴定及改造情况": "二类",
          "权属": "京引",
          "所涉河流": ""
        },
        "photos": [],
        "description": "备注 : |\n桩号(Km+m) : 99+300|\n启闭机型号 : QLC-2A|\n设计流量(m3/s) : 0.5|\n引水渠底高程分水闸底高程(m) : 46.60/47.60|\n进口尺寸(cm) : 1-φ80|\n鉴定及改造情况 : 二类|\n权属 : 京引|\n所涉河流 :"
      }
    },
    {
      "type": "Feature",
      "geometry": {
        "type": "Point",
        "coordinates": [
          116.26121343,
          40.02037215
        ]
      },
      "properties": {
        "name": "游泳场",
        "type": "温泉所--分水闸",
        "params": {
          "备注": "",
          "桩号(Km+m)": "99+633",
          "启闭机型号": "QLC-2A",
          "设计流量(m3/s)": "0.5",
          "引水渠底高程分水闸底高程(m)": "46.50/47.60",
          "进口尺寸(cm)": "1-φ90",
          "鉴定及改造情况": "二类",
          "权属": "京引",
          "所涉河流": ""
        },
        "photos": [],
        "description": "备注 : |\n桩号(Km+m) : 99+633|\n启闭机型号 : QLC-2A|\n设计流量(m3/s) : 0.5|\n引水渠底高程分水闸底高程(m) : 46.50/47.60|\n进口尺寸(cm) : 1-φ90|\n鉴定及改造情况 : 二类|\n权属 : 京引|\n所涉河流 :"
      }
    },
    {
      "type": "Feature",
      "geometry": {
        "type": "Point",
        "coordinates": [
          116.2617284,
          40.01762784
        ]
      },
      "properties": {
        "name": "黑山扈新建",
        "type": "温泉所--分水闸",
        "params": {
          "备注": "",
          "桩号(Km+m)": "99+965",
          "启闭机型号": "QL-80",
          "设计流量(m3/s)": "2.0",
          "引水渠底高程分水闸底高程(m)": "",
          "进口尺寸(cm)": "",
          "鉴定及改造情况": "",
          "权属": "",
          "所涉河流": "清河"
        },
        "photos": [],
        "description": "备注 : |\n桩号(Km+m) : 99+965|\n启闭机型号 : QL-80|\n设计流量(m3/s) : 2.0|\n引水渠底高程分水闸底高程(m) : |\n进口尺寸(cm) : |\n鉴定及改造情况 : |\n权属 : |\n所涉河流 : 清河"
      }
    },
    {
      "type": "Feature",
      "geometry": {
        "type": "Point",
        "coordinates": [
          116.26185313,
          40.00989245
        ]
      },
      "properties": {
        "name": "龙背取水口",
        "type": "温泉所--分水闸",
        "params": {
          "备注": "",
          "桩号(Km+m)": "100+835",
          "启闭机型号": "",
          "设计流量(m3/s)": "",
          "引水渠底高程分水闸底高程(m)": "",
          "进口尺寸(cm)": "",
          "鉴定及改造情况": "",
          "权属": "京引",
          "所涉河流": ""
        },
        "photos": [],
        "description": "备注 : |\n桩号(Km+m) : 100+835|\n启闭机型号 : |\n设计流量(m3/s) : |\n引水渠底高程分水闸底高程(m) : |\n进口尺寸(cm) : |\n鉴定及改造情况 : |\n权属 : 京引|\n所涉河流 :"
      }
    },
    {
      "type": "Feature",
      "geometry": {
        "type": "Point",
        "coordinates": [
          116.26467348,
          40.0045087
        ]
      },
      "properties": {
        "name": "中压干线",
        "type": "下穿",
        "params": {
          "备注": "红山口公路桥（安河桥）上游25米",
          "所属项目名称": "颐香路中压干线穿越京密引水渠工程",
          "材质/管径": "",
          "类型": "下穿",
          "埋深(m)": "",
          "桩号": ""
        },
        "photos": [],
        "description": "备注 : 红山口公路桥（安河桥）上游25米|\n所属项目名称 : 颐香路中压干线穿越京密引水渠工程|\n材质/管径 : |\n类型 : 下穿|\n埋深(m) : |\n桩号 :"
      }
    },
    {
      "type": "Feature",
      "geometry": {
        "type": "Point",
        "coordinates": [
          116.16405845,
          40.05177176
        ]
      },
      "properties": {
        "name": "光缆",
        "type": "下穿",
        "params": {
          "备注": "温泉倒虹吸下游200米",
          "所属项目名称": "87282部队通信光缆架空过河工程",
          "材质/管径": "",
          "类型": "下穿",
          "埋深(m)": "",
          "桩号": ""
        },
        "photos": [],
        "description": "备注 : 温泉倒虹吸下游200米|\n所属项目名称 : 87282部队通信光缆架空过河工程|\n材质/管径 : |\n类型 : 下穿|\n埋深(m) : |\n桩号 :"
      }
    },
    {
      "type": "Feature",
      "geometry": {
        "type": "Point",
        "coordinates": [
          116.13226086,
          40.06648704
        ]
      },
      "properties": {
        "name": "天然气",
        "type": "下穿",
        "params": {
          "备注": "北清路桥下游（桩号85+680）",
          "所属项目名称": "北清路上水管线天然气管架空过河工程",
          "材质/管径": "上水DN800燃气DN500",
          "类型": "下穿",
          "埋深(m)": "",
          "桩号": "85+680"
        },
        "photos": [],
        "description": "备注 : 北清路桥下游（桩号85+680）|\n所属项目名称 : 北清路上水管线天然气管架空过河工程|\n材质/管径 : 上水DN800燃气DN500|\n类型 : 下穿|\n埋深(m) : |\n桩号 : 85+680"
      }
    },
    {
      "type": "Feature",
      "geometry": {
        "type": "Point",
        "coordinates": [
          116.26454204,
          40.00404438
        ]
      },
      "properties": {
        "name": "天然气",
        "type": "下穿",
        "params": {
          "备注": "红山口桥-安河闸",
          "所属项目名称": "解放军总医院第二附属医院外部燃气穿越京密引水渠工程",
          "材质/管径": "内径5米检查井",
          "类型": "下穿",
          "埋深(m)": "",
          "桩号": ""
        },
        "photos": [],
        "description": "备注 : 红山口桥-安河闸|\n所属项目名称 : 解放军总医院第二附属医院外部燃气穿越京密引水渠工程|\n材质/管径 : 内径5米检查井|\n类型 : 下穿|\n埋深(m) : |\n桩号 :"
      }
    },
    {
      "type": "Feature",
      "geometry": {
        "type": "Point",
        "coordinates": [
          116.26461983,
          40.00397041
        ]
      },
      "properties": {
        "name": "再生水管线",
        "type": "下穿",
        "params": {
          "备注": "",
          "所属项目名称": "清河再生水管线工程",
          "材质/管径": "",
          "类型": "下穿",
          "埋深(m)": "",
          "桩号": "（桩号101+540）"
        },
        "photos": [],
        "description": "备注 : |\n所属项目名称 : 清河再生水管线工程|\n材质/管径 : |\n类型 : 下穿|\n埋深(m) : |\n桩号 : （桩号101+540）"
      }
    },
    {
      "type": "Feature",
      "geometry": {
        "type": "Point",
        "coordinates": [
          116.21758997,
          40.04057717
        ]
      },
      "properties": {
        "name": "上水管线",
        "type": "下穿",
        "params": {
          "备注": "",
          "所属项目名称": "上庄路DN1020上水管线",
          "材质/管径": "DN1020上水管线",
          "类型": "下穿",
          "埋深(m)": "",
          "桩号": "（桩号93+889）"
        },
        "photos": [],
        "description": "备注 : |\n所属项目名称 : 上庄路DN1020上水管线|\n材质/管径 : DN1020上水管线|\n类型 : 下穿|\n埋深(m) : |\n桩号 : （桩号93+889）"
      }
    },
    {
      "type": "Feature",
      "geometry": {
        "type": "Point",
        "coordinates": [
          116.13413573,
          40.06387596
        ]
      },
      "properties": {
        "name": "天然气",
        "type": "下穿",
        "params": {
          "备注": "",
          "所属项目名称": "陕京三线输气管道（良乡-西沙屯）段穿越京密引水渠工程",
          "材质/管径": "￠1016",
          "类型": "下穿",
          "埋深(m)": "",
          "桩号": "（桩号86+010）"
        },
        "photos": [],
        "description": "备注 : |\n所属项目名称 : 陕京三线输气管道（良乡-西沙屯）段穿越京密引水渠工程|\n材质/管径 : ￠1016|\n类型 : 下穿|\n埋深(m) : |\n桩号 : （桩号86+010）"
      }
    },
    {
      "type": "Feature",
      "geometry": {
        "type": "Point",
        "coordinates": [
          116.26460105,
          40.00413889
        ]
      },
      "properties": {
        "name": "上水管线",
        "type": "下穿",
        "params": {
          "备注": "",
          "所属项目名称": "清河东滨河路DN600上水管线穿越京密引水渠工程",
          "材质/管径": "DN600",
          "类型": "下穿",
          "埋深(m)": "",
          "桩号": "（桩号101+510）"
        },
        "photos": [],
        "description": "备注 : |\n所属项目名称 : 清河东滨河路DN600上水管线穿越京密引水渠工程|\n材质/管径 : DN600|\n类型 : 下穿|\n埋深(m) : |\n桩号 : （桩号101+510）"
      }
    },
    {
      "type": "Feature",
      "geometry": {
        "type": "Point",
        "coordinates": [
          116.18098855,
          40.04782554
        ]
      },
      "properties": {
        "name": "涵洞",
        "type": "下穿",
        "params": {
          "备注": "",
          "所属项目名称": "海淀区东埠头沟过京密引水渠涵洞工程",
          "材质/管径": "5孔 93m 每孔过水断面尺寸3.8m*2m",
          "类型": "下穿",
          "埋深(m)": "",
          "桩号": "（桩号90+432）"
        },
        "photos": [],
        "description": "备注 : |\n所属项目名称 : 海淀区东埠头沟过京密引水渠涵洞工程|\n材质/管径 : 5孔 93m 每孔过水断面尺寸3.8m*2m|\n类型 : 下穿|\n埋深(m) : |\n桩号 : （桩号90+432）"
      }
    },
    {
      "type": "Feature",
      "geometry": {
        "type": "Point",
        "coordinates": [
          116.12800956,
          40.08721604
        ]
      },
      "properties": {
        "name": "电缆",
        "type": "温泉所--穿渠项目",
        "params": {
          "备注": "后柳林山洪桥下游100米及上下游各20米",
          "所属项目名称": "温泉200KV变电站送电工程输电线路跨渠工程",
          "材质/管径": "",
          "类型": "",
          "埋深(m)": "",
          "桩号": ""
        },
        "photos": [],
        "description": "备注 : 后柳林山洪桥下游100米及上下游各20米|\n所属项目名称 : 温泉200KV变电站送电工程输电线路跨渠工程|\n材质/管径 : |\n类型 : |\n埋深(m) : |\n桩号 :"
      }
    },
    {
      "type": "Feature",
      "geometry": {
        "type": "Point",
        "coordinates": [
          116.21566414,
          40.04010077
        ]
      },
      "properties": {
        "name": "电缆",
        "type": "下穿",
        "params": {
          "备注": "屯佃桥上游100米",
          "所属项目名称": "温泉至西北旺220KV输变电项目电力隧道穿渠工程",
          "材质/管径": "",
          "类型": "下穿",
          "埋深(m)": "",
          "桩号": ""
        },
        "photos": [],
        "description": "备注 : 屯佃桥上游100米|\n所属项目名称 : 温泉至西北旺220KV输变电项目电力隧道穿渠工程|\n材质/管径 : |\n类型 : 下穿|\n埋深(m) : |\n桩号 :"
      }
    },
    {
      "type": "Feature",
      "geometry": {
        "type": "Point",
        "coordinates": [
          116.25974893,
          40.02956969
        ]
      },
      "properties": {
        "name": "电缆",
        "type": "下穿",
        "params": {
          "备注": "黑山扈桥下游6米",
          "所属项目名称": "黑山扈桥下游6米处跨京密引水渠临时电缆工程",
          "材质/管径": "",
          "类型": "下穿",
          "埋深(m)": "",
          "桩号": ""
        },
        "photos": [],
        "description": "备注 : 黑山扈桥下游6米|\n所属项目名称 : 黑山扈桥下游6米处跨京密引水渠临时电缆工程|\n材质/管径 : |\n类型 : 下穿|\n埋深(m) : |\n桩号 :"
      }
    },
    {
      "type": "Feature",
      "geometry": {
        "type": "Point",
        "coordinates": [
          116.15810931,
          40.05325822
        ]
      },
      "properties": {
        "name": "再生管线",
        "type": "下穿",
        "params": {
          "备注": "温泉桥上游27.5米",
          "所属项目名称": "海淀区循环经济产业园再生能源发电厂再生管线穿越京密引水渠工程",
          "材质/管径": "",
          "类型": "下穿",
          "埋深(m)": "",
          "桩号": "（桩号88+423）"
        },
        "photos": [],
        "description": "备注 : 温泉桥上游27.5米|\n所属项目名称 : 海淀区循环经济产业园再生能源发电厂再生管线穿越京密引水渠工程|\n材质/管径 : |\n类型 : 下穿|\n埋深(m) : |\n桩号 : （桩号88+423）"
      }
    },
    {
      "type": "Feature",
      "geometry": {
        "type": "Point",
        "coordinates": [
          116.25656247,
          40.03864689
        ]
      },
      "properties": {
        "name": "天然气",
        "type": "下穿",
        "params": {
          "备注": "西北旺公路桥下游490米",
          "所属项目名称": "总招待所天然气管线穿越京密引水渠工程",
          "材质/管径": "DN400",
          "类型": "下穿",
          "埋深(m)": "",
          "桩号": "（桩号97+492）"
        },
        "photos": [],
        "description": "备注 : 西北旺公路桥下游490米|\n所属项目名称 : 总招待所天然气管线穿越京密引水渠工程|\n材质/管径 : DN400|\n类型 : 下穿|\n埋深(m) : |\n桩号 : （桩号97+492）"
      }
    },
    {
      "type": "Feature",
      "geometry": {
        "type": "Point",
        "coordinates": [
          116.13212407,
          40.06642341
        ]
      },
      "properties": {
        "name": "污水管线",
        "type": "下穿",
        "params": {
          "备注": "北清路公路桥下游64米处",
          "所属项目名称": "海淀区北清路（北安河路至温阳路）污水管线穿越京密引水渠",
          "材质/管径": "Ф500",
          "类型": "下穿",
          "埋深(m)": "",
          "桩号": "（桩号85+670）"
        },
        "photos": [],
        "description": "备注 : 北清路公路桥下游64米处|\n所属项目名称 : 海淀区北清路（北安河路至温阳路）污水管线穿越京密引水渠|\n材质/管径 : Ф500|\n类型 : 下穿|\n埋深(m) : |\n桩号 : （桩号85+670）"
      }
    },
    {
      "type": "Feature",
      "geometry": {
        "type": "Point",
        "coordinates": [
          116.12754822,
          40.08980159
        ]
      },
      "properties": {
        "name": "电缆",
        "type": "下穿",
        "params": {
          "备注": "",
          "所属项目名称": "凤凰岭旅游设施土地一级开发项目电力外线穿越京密引水渠工程",
          "材质/管径": "",
          "类型": "下穿",
          "埋深(m)": "",
          "桩号": "（桩号83+063）"
        },
        "photos": [],
        "description": "备注 : |\n所属项目名称 : 凤凰岭旅游设施土地一级开发项目电力外线穿越京密引水渠工程|\n材质/管径 : |\n类型 : 下穿|\n埋深(m) : |\n桩号 : （桩号83+063）"
      }
    },
    {
      "type": "Feature",
      "geometry": {
        "type": "Point",
        "coordinates": [
          116.12674355,
          40.10603497
        ]
      },
      "properties": {
        "name": "供水管线",
        "type": "下穿",
        "params": {
          "备注": "中国佛学院供水工程穿越京密引水渠工程位于海淀凤凰岭路与温北路交叉口南侧",
          "所属项目名称": "中国佛学院供水工程穿越京密引水渠工程",
          "材质/管径": "DN2000",
          "类型": "下穿",
          "埋深(m)": "距现状河底4.5m",
          "桩号": "桩号81+200"
        },
        "photos": [],
        "description": "备注 : 中国佛学院供水工程穿越京密引水渠工程位于海淀凤凰岭路与温北路交叉口南侧|\n所属项目名称 : 中国佛学院供水工程穿越京密引水渠工程|\n材质/管径 : DN2000|\n类型 : 下穿|\n埋深(m) : 距现状河底4.5m|\n桩号 : 桩号81+200"
      }
    },
    {
      "type": "Feature",
      "geometry": {
        "type": "Point",
        "coordinates": [
          116.24023318,
          40.04499199
        ]
      },
      "properties": {
        "name": "光缆",
        "type": "下穿",
        "params": {
          "备注": "61046部队",
          "所属项目名称": "某单位供电项目下穿京密引水渠工程",
          "材质/管径": "内径1500毫米",
          "类型": "下穿",
          "埋深(m)": "",
          "桩号": "(桩号95+900)"
        },
        "photos": [],
        "description": "备注 : 61046部队|\n所属项目名称 : 某单位供电项目下穿京密引水渠工程|\n材质/管径 : 内径1500毫米|\n类型 : 下穿|\n埋深(m) : |\n桩号 : (桩号95+900)"
      }
    },
    {
      "type": "Feature",
      "geometry": {
        "type": "Point",
        "coordinates": [
          116.12737655,
          40.09901029
        ]
      },
      "properties": {
        "name": "污水管线",
        "type": "下穿",
        "params": {
          "备注": "聂各庄桥上游约30米处",
          "所属项目名称": "聂各庄东路污水及再生水管线工程",
          "材质/管径": "",
          "类型": "下穿",
          "埋深(m)": "",
          "桩号": "(桩号82+064)"
        },
        "photos": [],
        "description": "备注 : 聂各庄桥上游约30米处|\n所属项目名称 : 聂各庄东路污水及再生水管线工程|\n材质/管径 : |\n类型 : 下穿|\n埋深(m) : |\n桩号 : (桩号82+064)"
      }
    },
    {
      "type": "Feature",
      "geometry": {
        "type": "Point",
        "coordinates": [
          116.13221527,
          40.06634951
        ]
      },
      "properties": {
        "name": "再生水管线",
        "type": "下穿",
        "params": {
          "备注": "北清路桥下游约23米处",
          "所属项目名称": "北清路（北安河路-温阳路）再生水管线工程穿越京密引水渠工程",
          "材质/管径": "内径1050毫米",
          "类型": "下穿",
          "埋深(m)": "",
          "桩号": "(桩号85+703)"
        },
        "photos": [],
        "description": "备注 : 北清路桥下游约23米处|\n所属项目名称 : 北清路（北安河路-温阳路）再生水管线工程穿越京密引水渠工程|\n材质/管径 : 内径1050毫米|\n类型 : 下穿|\n埋深(m) : |\n桩号 : (桩号85+703)"
      }
    },
    {
      "type": "Feature",
      "geometry": {
        "type": "Point",
        "coordinates": [
          116.13225549,
          40.06627766
        ]
      },
      "properties": {
        "name": "地铁16号线",
        "type": "下穿",
        "params": {
          "备注": "北清路桥下游约70米处",
          "所属项目名称": "地铁１６号线二期北安河站（总配）外电源井工程下穿京密引水渠工程",
          "材质/管径": "",
          "类型": "下穿",
          "埋深(m)": "距现状河底不少于5.6m",
          "桩号": "(桩号85+728)"
        },
        "photos": [],
        "description": "备注 : 北清路桥下游约70米处|\n所属项目名称 : 地铁１６号线二期北安河站（总配）外电源井工程下穿京密引水渠工程|\n材质/管径 : |\n类型 : 下穿|\n埋深(m) : 距现状河底不少于5.6m|\n桩号 : (桩号85+728)"
      }
    },
    {
      "type": "Feature",
      "geometry": {
        "type": "Point",
        "coordinates": [
          116.15956038,
          40.05233946
        ]
      },
      "properties": {
        "name": "温泉管理所内",
        "type": "温泉所--变压器",
        "params": {
          "备注": "",
          "容量(KVA)": "500",
          "安装形式": "箱式",
          "管理所": "温泉管理所"
        },
        "photos": [],
        "description": "备注 : |\n容量(KVA) : 500|\n安装形式 : 箱式|\n管理所 : 温泉管理所"
      }
    },
    {
      "type": "Feature",
      "geometry": {
        "type": "Point",
        "coordinates": [
          116.13134623,
          40.06963989
        ]
      },
      "properties": {
        "name": "柳林倒虹吸下游左岸",
        "type": "温泉所--变压器",
        "params": {
          "备注": "",
          "容量(KVA)": "160",
          "安装形式": "杆式",
          "管理所": "温泉管理所"
        },
        "photos": [],
        "description": "备注 : |\n容量(KVA) : 160|\n安装形式 : 杆式|\n管理所 : 温泉管理所"
      }
    },
    {
      "type": "Feature",
      "geometry": {
        "type": "Point",
        "coordinates": [
          116.8724513,
          40.36374817
        ]
      },
      "properties": {
        "name": "提辖庄进水闸—贾山大车桥",
        "type": "潮河总干渠--技术指标",
        "params": {},
        "photos": [],
        "description": ""
      }
    },
    {
      "type": "Feature",
      "geometry": {
        "type": "Point",
        "coordinates": [
          116.83501706,
          40.33127203
        ]
      },
      "properties": {
        "name": "潮河所院内",
        "type": "潮河总干渠--变压器",
        "params": {
          "备注": "",
          "容量(KVA)": "200",
          "安装形式": "杆式",
          "管理所": "潮河总干渠管理所"
        },
        "photos": [],
        "description": "备注 : |\n容量(KVA) : 200|\n安装形式 : 杆式|\n管理所 : 潮河总干渠管理所"
      }
    },
    {
      "type": "Feature",
      "geometry": {
        "type": "Point",
        "coordinates": [
          116.85199008,
          40.34543103
        ]
      },
      "properties": {
        "name": "宁村闸房",
        "type": "潮河总干渠--变压器",
        "params": {
          "备注": "",
          "容量(KVA)": "50",
          "安装形式": "杆式",
          "管理所": "潮河总干渠管理所"
        },
        "photos": [],
        "description": "备注 : |\n容量(KVA) : 50|\n安装形式 : 杆式|\n管理所 : 潮河总干渠管理所"
      }
    },
    {
      "type": "Feature",
      "geometry": {
        "type": "Point",
        "coordinates": [
          116.80280104,
          40.29658928
        ]
      },
      "properties": {
        "name": "台上站",
        "type": "潮河总干渠--变压器",
        "params": {
          "备注": "",
          "容量(KVA)": "80",
          "安装形式": "杆式",
          "管理所": "潮河总干渠管理所"
        },
        "photos": [],
        "description": "备注 : |\n容量(KVA) : 80|\n安装形式 : 杆式|\n管理所 : 潮河总干渠管理所"
      }
    },
    {
      "type": "Feature",
      "geometry": {
        "type": "Point",
        "coordinates": [
          116.8724513,
          40.36374817
        ]
      },
      "properties": {
        "name": "进口",
        "type": "潮河总干渠--变压器",
        "params": {
          "备注": "",
          "容量(KVA)": "100",
          "安装形式": "杆式",
          "管理所": "潮河总干渠管理所"
        },
        "photos": [],
        "description": "备注 : |\n容量(KVA) : 100|\n安装形式 : 杆式|\n管理所 : 潮河总干渠管理所"
      }
    },
    {
      "type": "Feature",
      "geometry": {
        "type": "Point",
        "coordinates": [
          116.85336202,
          40.34670971
        ]
      },
      "properties": {
        "name": "西大支分水闸工作桥",
        "type": "潮河总干渠--工作桥",
        "params": {
          "备注": "",
          "桩号(Km+m)": "2+483",
          "桥梁形式": "",
          "引水渠底高程(m)": "",
          "规格 跨-宽×高": "4.6*4.78",
          "设计荷载": "公路Ⅱ级",
          "修建时间": "2016年翻建"
        },
        "photos": [],
        "description": "备注 : |\n桩号(Km+m) : 2+483|\n桥梁形式 : |\n引水渠底高程(m) : |\n规格 跨-宽×高 : 4.6*4.78|\n设计荷载 : 公路Ⅱ级|\n修建时间 : 2016年翻建"
      }
    },
    {
      "type": "Feature",
      "geometry": {
        "type": "Point",
        "coordinates": [
          116.81908876,
          40.32038727
        ]
      },
      "properties": {
        "name": "中庄泄洪闸工作桥",
        "type": "潮河总干渠--工作桥",
        "params": {
          "备注": "",
          "桩号(Km+m)": "6+668",
          "桥梁形式": "",
          "引水渠底高程(m)": "",
          "规格 跨-宽×高": "3*4.83",
          "设计荷载": "公路Ⅱ级",
          "修建时间": "2016年翻建"
        },
        "photos": [],
        "description": "备注 : |\n桩号(Km+m) : 6+668|\n桥梁形式 : |\n引水渠底高程(m) : |\n规格 跨-宽×高 : 3*4.83|\n设计荷载 : 公路Ⅱ级|\n修建时间 : 2016年翻建"
      }
    },
    {
      "type": "Feature",
      "geometry": {
        "type": "Point",
        "coordinates": [
          116.8724513,
          40.36374817
        ]
      },
      "properties": {
        "name": "提辖庄进水闸交通桥",
        "type": "潮河总干渠--交通桥",
        "params": {
          "备注": "",
          "桩号": "0+000",
          "长(m)": "7.8",
          "宽(m)": "3.4",
          "设计荷载": "3",
          "建成时间": "1958.0",
          "产权单位": "北京市京密引水管理处",
          "结构形式": "无"
        },
        "photos": [],
        "description": "备注 : |\n桩号 : 0+000|\n长(m) : 7.8|\n宽(m) : 3.4|\n设计荷载 : 3|\n建成时间 : 1958.0|\n产权单位 : 北京市京密引水管理处|\n结构形式 : 无"
      }
    },
    {
      "type": "Feature",
      "geometry": {
        "type": "Point",
        "coordinates": [
          116.861642,
          40.35541139
        ]
      },
      "properties": {
        "name": "提辖庄大车桥",
        "type": "潮河总干渠--交通桥",
        "params": {
          "备注": "",
          "桩号": "1+306",
          "长(m)": "17.6",
          "宽(m)": "6.0",
          "设计荷载": "3",
          "建成时间": "1958.0",
          "产权单位": "北京市京密引水管理处",
          "结构形式": "无"
        },
        "photos": [],
        "description": "备注 : |\n桩号 : 1+306|\n长(m) : 17.6|\n宽(m) : 6.0|\n设计荷载 : 3|\n建成时间 : 1958.0|\n产权单位 : 北京市京密引水管理处|\n结构形式 : 无"
      }
    },
    {
      "type": "Feature",
      "geometry": {
        "type": "Point",
        "coordinates": [
          116.86129332,
          40.35517225
        ]
      },
      "properties": {
        "name": "提辖庄泄洪闸交通桥",
        "type": "潮河总干渠--交通桥",
        "params": {
          "备注": "",
          "桩号": "1+356",
          "长(m)": "15.9",
          "宽(m)": "4.9",
          "设计荷载": "3",
          "建成时间": "1958.0",
          "产权单位": "北京市京密引水管理处",
          "结构形式": "无"
        },
        "photos": [],
        "description": "备注 : |\n桩号 : 1+356|\n长(m) : 15.9|\n宽(m) : 4.9|\n设计荷载 : 3|\n建成时间 : 1958.0|\n产权单位 : 北京市京密引水管理处|\n结构形式 : 无"
      }
    },
    {
      "type": "Feature",
      "geometry": {
        "type": "Point",
        "coordinates": [
          116.856637,
          40.34996607
        ]
      },
      "properties": {
        "name": "陈各庄公路桥",
        "type": "潮河总干渠--交通桥",
        "params": {
          "备注": "",
          "桩号": "2+053",
          "长(m)": "26.0",
          "宽(m)": "9.0",
          "设计荷载": "20",
          "建成时间": "2004.0",
          "产权单位": "北京市密云县河南寨镇人民政府",
          "结构形式": "有"
        },
        "photos": [],
        "description": "备注 : |\n桩号 : 2+053|\n长(m) : 26.0|\n宽(m) : 9.0|\n设计荷载 : 20|\n建成时间 : 2004.0|\n产权单位 : 北京市密云县河南寨镇人民政府|\n结构形式 : 有"
      }
    },
    {
      "type": "Feature",
      "geometry": {
        "type": "Point",
        "coordinates": [
          116.85342103,
          40.34668313
        ]
      },
      "properties": {
        "name": "西大支工作桥",
        "type": "潮河总干渠--交通桥",
        "params": {
          "备注": "",
          "桩号": "2+483",
          "长(m)": "5.6",
          "宽(m)": "4.4",
          "设计荷载": "3",
          "建成时间": "1958.0",
          "产权单位": "北京市京密引水管理处",
          "结构形式": "无"
        },
        "photos": [],
        "description": "备注 : |\n桩号 : 2+483|\n长(m) : 5.6|\n宽(m) : 4.4|\n设计荷载 : 3|\n建成时间 : 1958.0|\n产权单位 : 北京市京密引水管理处|\n结构形式 : 无"
      }
    },
    {
      "type": "Feature",
      "geometry": {
        "type": "Point",
        "coordinates": [
          116.8517688,
          40.34500072
        ]
      },
      "properties": {
        "name": "宁村公路桥",
        "type": "潮河总干渠--交通桥",
        "params": {
          "备注": "",
          "桩号": "2+732",
          "长(m)": "15.1",
          "宽(m)": "8.75",
          "设计荷载": "20",
          "建成时间": "",
          "产权单位": "北京市路政局密云公路分局",
          "结构形式": "无"
        },
        "photos": [],
        "description": "备注 : |\n桩号 : 2+732|\n长(m) : 15.1|\n宽(m) : 8.75|\n设计荷载 : 20|\n建成时间 : |\n产权单位 : 北京市路政局密云公路分局|\n结构形式 : 无"
      }
    },
    {
      "type": "Feature",
      "geometry": {
        "type": "Point",
        "coordinates": [
          116.83517531,
          40.33065657
        ]
      },
      "properties": {
        "name": "河南寨节制闸交通桥",
        "type": "潮河总干渠--交通桥",
        "params": {
          "备注": "",
          "桩号": "4+900",
          "长(m)": "10.0",
          "宽(m)": "4.0",
          "设计荷载": "3",
          "建成时间": "1958.0",
          "产权单位": "北京市京密引水管理处",
          "结构形式": "无"
        },
        "photos": [],
        "description": "备注 : |\n桩号 : 4+900|\n长(m) : 10.0|\n宽(m) : 4.0|\n设计荷载 : 3|\n建成时间 : 1958.0|\n产权单位 : 北京市京密引水管理处|\n结构形式 : 无"
      }
    },
    {
      "type": "Feature",
      "geometry": {
        "type": "Point",
        "coordinates": [
          116.81905254,
          40.32042306
        ]
      },
      "properties": {
        "name": "中庄泄洪闸交通桥",
        "type": "潮河总干渠--交通桥",
        "params": {
          "备注": "",
          "桩号": "6+688",
          "长(m)": "4.1",
          "宽(m)": "4.0",
          "设计荷载": "3",
          "建成时间": "1958.0",
          "产权单位": "北京市京密引水管理处",
          "结构形式": "无"
        },
        "photos": [],
        "description": "备注 : |\n桩号 : 6+688|\n长(m) : 4.1|\n宽(m) : 4.0|\n设计荷载 : 3|\n建成时间 : 1958.0|\n产权单位 : 北京市京密引水管理处|\n结构形式 : 无"
      }
    },
    {
      "type": "Feature",
      "geometry": {
        "type": "Point",
        "coordinates": [
          116.8150413,
          40.31813567
        ]
      },
      "properties": {
        "name": "中庄大车桥",
        "type": "潮河总干渠--交通桥",
        "params": {
          "备注": "",
          "桩号": "7+125",
          "长(m)": "14.5",
          "宽(m)": "4.25",
          "设计荷载": "3",
          "建成时间": "1972.0",
          "产权单位": "密云县河南寨镇中庄村",
          "结构形式": "有"
        },
        "photos": [],
        "description": "备注 : |\n桩号 : 7+125|\n长(m) : 14.5|\n宽(m) : 4.25|\n设计荷载 : 3|\n建成时间 : 1972.0|\n产权单位 : 密云县河南寨镇中庄村|\n结构形式 : 有"
      }
    },
    {
      "type": "Feature",
      "geometry": {
        "type": "Point",
        "coordinates": [
          116.8090868,
          40.30917555
        ]
      },
      "properties": {
        "name": "黍山桥",
        "type": "潮河总干渠--交通桥",
        "params": {
          "备注": "",
          "桩号": "8+306",
          "长(m)": "30.0",
          "宽(m)": "11.4",
          "设计荷载": "20",
          "建成时间": "2003.0",
          "产权单位": "圣云旅游开发有限公司",
          "结构形式": "有"
        },
        "photos": [],
        "description": "备注 : |\n桩号 : 8+306|\n长(m) : 30.0|\n宽(m) : 11.4|\n设计荷载 : 20|\n建成时间 : 2003.0|\n产权单位 : 圣云旅游开发有限公司|\n结构形式 : 有"
      }
    },
    {
      "type": "Feature",
      "geometry": {
        "type": "Point",
        "coordinates": [
          116.80693835,
          40.30681311
        ]
      },
      "properties": {
        "name": "科协桥",
        "type": "潮河总干渠--交通桥",
        "params": {
          "备注": "",
          "桩号": "8+612",
          "长(m)": "27.4",
          "宽(m)": "6.8",
          "设计荷载": "20",
          "建成时间": "1997.0",
          "产权单位": "中国科学技术学会科普示范绿化基地",
          "结构形式": "有"
        },
        "photos": [],
        "description": "备注 : |\n桩号 : 8+612|\n长(m) : 27.4|\n宽(m) : 6.8|\n设计荷载 : 20|\n建成时间 : 1997.0|\n产权单位 : 中国科学技术学会科普示范绿化基地|\n结构形式 : 有"
      }
    },
    {
      "type": "Feature",
      "geometry": {
        "type": "Point",
        "coordinates": [
          116.80423469,
          40.29860227
        ]
      },
      "properties": {
        "name": "下屯桥",
        "type": "潮河总干渠--交通桥",
        "params": {
          "备注": "",
          "桩号": "9+785",
          "长(m)": "18.3",
          "宽(m)": "4.1",
          "设计荷载": "3",
          "建成时间": "1993.0",
          "产权单位": "密云县河南寨镇下屯村",
          "结构形式": "有"
        },
        "photos": [],
        "description": "备注 : |\n桩号 : 9+785|\n长(m) : 18.3|\n宽(m) : 4.1|\n设计荷载 : 3|\n建成时间 : 1993.0|\n产权单位 : 密云县河南寨镇下屯村|\n结构形式 : 有"
      }
    },
    {
      "type": "Feature",
      "geometry": {
        "type": "Point",
        "coordinates": [
          116.80403352,
          40.29168343
        ]
      },
      "properties": {
        "name": "台上大车桥",
        "type": "潮河总干渠--交通桥",
        "params": {
          "备注": "",
          "桩号": "10+615",
          "长(m)": "18.7",
          "宽(m)": "4.0",
          "设计荷载": "3",
          "建成时间": "1958.0",
          "产权单位": "北京市京密引水管理处",
          "结构形式": "无"
        },
        "photos": [],
        "description": "备注 : |\n桩号 : 10+615|\n长(m) : 18.7|\n宽(m) : 4.0|\n设计荷载 : 3|\n建成时间 : 1958.0|\n产权单位 : 北京市京密引水管理处|\n结构形式 : 无"
      }
    },
    {
      "type": "Feature",
      "geometry": {
        "type": "Point",
        "coordinates": [
          116.85192167,
          40.34514586
        ]
      },
      "properties": {
        "name": "宁村山洪桥",
        "type": "潮河总干渠--山洪桥",
        "params": {
          "备注": "",
          "桩号(km)": "2+719",
          "长(m)": "13.55",
          "宽(m)": "14.65",
          "设计荷载(t)": "公路-Ⅱ级",
          "建成时间": "2016年翻建"
        },
        "photos": [],
        "description": "备注 : |\n桩号(km) : 2+719|\n长(m) : 13.55|\n宽(m) : 14.65|\n设计荷载(t) : 公路-Ⅱ级|\n建成时间 : 2016年翻建"
      }
    },
    {
      "type": "Feature",
      "geometry": {
        "type": "Point",
        "coordinates": [
          116.83917314,
          40.33372152
        ]
      },
      "properties": {
        "name": "向阳山洪桥",
        "type": "潮河总干渠--山洪桥",
        "params": {
          "备注": "",
          "桩号(km)": "4+426",
          "长(m)": "16.9",
          "宽(m)": "15.05",
          "设计荷载(t)": "公路-Ⅱ级",
          "建成时间": "2006年翻建"
        },
        "photos": [],
        "description": "备注 : |\n桩号(km) : 4+426|\n长(m) : 16.9|\n宽(m) : 15.05|\n设计荷载(t) : 公路-Ⅱ级|\n建成时间 : 2006年翻建"
      }
    },
    {
      "type": "Feature",
      "geometry": {
        "type": "Point",
        "coordinates": [
          116.87187061,
          40.36332921
        ]
      },
      "properties": {
        "name": "进口山洪口",
        "type": "潮河总干渠--雨水口",
        "params": {
          "备注": "",
          "桩号(Km+m)": "0+065",
          "方涵或管涵尺寸(m)": "0.8*3.25",
          "上游集水面积(m2)": "2000000.0",
          "排水性质": "雨水",
          "有无沉淀设施": "无",
          "封堵(引流)计划": "无"
        },
        "photos": [],
        "description": "备注 : |\n桩号(Km+m) : 0+065|\n方涵或管涵尺寸(m) : 0.8*3.25|\n上游集水面积(m2) : 2000000.0|\n排水性质 : 雨水|\n有无沉淀设施 : 无|\n封堵(引流)计划 : 无"
      }
    },
    {
      "type": "Feature",
      "geometry": {
        "type": "Point",
        "coordinates": [
          116.86156959,
          40.35507823
        ]
      },
      "properties": {
        "name": "提辖庄山洪口",
        "type": "潮河总干渠--雨水口",
        "params": {
          "备注": "",
          "桩号(Km+m)": "1+340",
          "方涵或管涵尺寸(m)": "0.98*12.27",
          "上游集水面积(m2)": "5000000.0",
          "排水性质": "雨水",
          "有无沉淀设施": "无",
          "封堵(引流)计划": "无"
        },
        "photos": [],
        "description": "备注 : |\n桩号(Km+m) : 1+340|\n方涵或管涵尺寸(m) : 0.98*12.27|\n上游集水面积(m2) : 5000000.0|\n排水性质 : 雨水|\n有无沉淀设施 : 无|\n封堵(引流)计划 : 无"
      }
    },
    {
      "type": "Feature",
      "geometry": {
        "type": "Point",
        "coordinates": [
          116.85658604,
          40.34971668
        ]
      },
      "properties": {
        "name": "陈各庄山洪桥",
        "type": "潮河总干渠--雨水口",
        "params": {
          "备注": "",
          "桩号(Km+m)": "2+092",
          "方涵或管涵尺寸(m)": "1.06*10.23",
          "上游集水面积(m2)": "5000000.0",
          "排水性质": "雨水",
          "有无沉淀设施": "无",
          "封堵(引流)计划": "无"
        },
        "photos": [],
        "description": "备注 : |\n桩号(Km+m) : 2+092|\n方涵或管涵尺寸(m) : 1.06*10.23|\n上游集水面积(m2) : 5000000.0|\n排水性质 : 雨水|\n有无沉淀设施 : 无|\n封堵(引流)计划 : 无"
      }
    },
    {
      "type": "Feature",
      "geometry": {
        "type": "Point",
        "coordinates": [
          116.84264391,
          40.33654507
        ]
      },
      "properties": {
        "name": "向阳山洪口",
        "type": "潮河总干渠--雨水口",
        "params": {
          "备注": "",
          "桩号(Km+m)": "4+011",
          "方涵或管涵尺寸(m)": "1.12*9.6",
          "上游集水面积(m2)": "6000000.0",
          "排水性质": "雨水",
          "有无沉淀设施": "无",
          "封堵(引流)计划": "无"
        },
        "photos": [],
        "description": "备注 : |\n桩号(Km+m) : 4+011|\n方涵或管涵尺寸(m) : 1.12*9.6|\n上游集水面积(m2) : 6000000.0|\n排水性质 : 雨水|\n有无沉淀设施 : 无|\n封堵(引流)计划 : 无"
      }
    },
    {
      "type": "Feature",
      "geometry": {
        "type": "Point",
        "coordinates": [
          116.83384359,
          40.3294052
        ]
      },
      "properties": {
        "name": "河南寨山洪口1",
        "type": "潮河总干渠--雨水口",
        "params": {
          "备注": "",
          "桩号(Km+m)": "5+261",
          "方涵或管涵尺寸(m)": "1.05*3.02",
          "上游集水面积(m2)": "8000000.0",
          "排水性质": "雨水",
          "有无沉淀设施": "无",
          "封堵(引流)计划": "无"
        },
        "photos": [],
        "description": "备注 : |\n桩号(Km+m) : 5+261|\n方涵或管涵尺寸(m) : 1.05*3.02|\n上游集水面积(m2) : 8000000.0|\n排水性质 : 雨水|\n有无沉淀设施 : 无|\n封堵(引流)计划 : 无"
      }
    },
    {
      "type": "Feature",
      "geometry": {
        "type": "Point",
        "coordinates": [
          116.83168709,
          40.32792683
        ]
      },
      "properties": {
        "name": "河南寨山洪口2",
        "type": "潮河总干渠--雨水口",
        "params": {
          "备注": "",
          "桩号(Km+m)": "5+391",
          "方涵或管涵尺寸(m)": "",
          "上游集水面积(m2)": "",
          "排水性质": "雨水",
          "有无沉淀设施": "无",
          "封堵(引流)计划": "无"
        },
        "photos": [],
        "description": "备注 : |\n桩号(Km+m) : 5+391|\n方涵或管涵尺寸(m) : |\n上游集水面积(m2) : |\n排水性质 : 雨水|\n有无沉淀设施 : 无|\n封堵(引流)计划 : 无"
      }
    },
    {
      "type": "Feature",
      "geometry": {
        "type": "Point",
        "coordinates": [
          116.83112383,
          40.32736042
        ]
      },
      "properties": {
        "name": "河南寨山洪口3",
        "type": "潮河总干渠--雨水口",
        "params": {
          "备注": "",
          "桩号(Km+m)": "6+218",
          "方涵或管涵尺寸(m)": "",
          "上游集水面积(m2)": "",
          "排水性质": "雨水",
          "有无沉淀设施": "无",
          "封堵(引流)计划": "无"
        },
        "photos": [],
        "description": "备注 : |\n桩号(Km+m) : 6+218|\n方涵或管涵尺寸(m) : |\n上游集水面积(m2) : |\n排水性质 : 雨水|\n有无沉淀设施 : 无|\n封堵(引流)计划 : 无"
      }
    },
    {
      "type": "Feature",
      "geometry": {
        "type": "Point",
        "coordinates": [
          116.83004827,
          40.32650364
        ]
      },
      "properties": {
        "name": "河南寨山洪口4",
        "type": "潮河总干渠--雨水口",
        "params": {
          "备注": "",
          "桩号(Km+m)": "6+420",
          "方涵或管涵尺寸(m)": "",
          "上游集水面积(m2)": "",
          "排水性质": "雨水",
          "有无沉淀设施": "无",
          "封堵(引流)计划": "无"
        },
        "photos": [],
        "description": "备注 : |\n桩号(Km+m) : 6+420|\n方涵或管涵尺寸(m) : |\n上游集水面积(m2) : |\n排水性质 : 雨水|\n有无沉淀设施 : 无|\n封堵(引流)计划 : 无"
      }
    },
    {
      "type": "Feature",
      "geometry": {
        "type": "Point",
        "coordinates": [
          116.81540071,
          40.31790662
        ]
      },
      "properties": {
        "name": "中庄山洪口",
        "type": "潮河总干渠--雨水口",
        "params": {
          "备注": "",
          "桩号(Km+m)": "6+663",
          "方涵或管涵尺寸(m)": "1*3",
          "上游集水面积(m2)": "3000000.0",
          "排水性质": "雨水",
          "有无沉淀设施": "无",
          "封堵(引流)计划": "无"
        },
        "photos": [],
        "description": "备注 : |\n桩号(Km+m) : 6+663|\n方涵或管涵尺寸(m) : 1*3|\n上游集水面积(m2) : 3000000.0|\n排水性质 : 雨水|\n有无沉淀设施 : 无|\n封堵(引流)计划 : 无"
      }
    },
    {
      "type": "Feature",
      "geometry": {
        "type": "Point",
        "coordinates": [
          116.80936038,
          40.30909578
        ]
      },
      "properties": {
        "name": "荆园山洪口",
        "type": "潮河总干渠--雨水口",
        "params": {
          "备注": "",
          "桩号(Km+m)": "8+298",
          "方涵或管涵尺寸(m)": "1.57*3.23",
          "上游集水面积(m2)": "2000000.0",
          "排水性质": "雨水",
          "有无沉淀设施": "无",
          "封堵(引流)计划": "无"
        },
        "photos": [],
        "description": "备注 : |\n桩号(Km+m) : 8+298|\n方涵或管涵尺寸(m) : 1.57*3.23|\n上游集水面积(m2) : 2000000.0|\n排水性质 : 雨水|\n有无沉淀设施 : 无|\n封堵(引流)计划 : 无"
      }
    },
    {
      "type": "Feature",
      "geometry": {
        "type": "Point",
        "coordinates": [
          116.80417434,
          40.29160569
        ]
      },
      "properties": {
        "name": "台上1山洪口",
        "type": "潮河总干渠--雨水口",
        "params": {
          "备注": "",
          "桩号(Km+m)": "10+655",
          "方涵或管涵尺寸(m)": "1.05*8.1",
          "上游集水面积(m2)": "6000000.0",
          "排水性质": "雨水",
          "有无沉淀设施": "无",
          "封堵(引流)计划": "无"
        },
        "photos": [],
        "description": "备注 : |\n桩号(Km+m) : 10+655|\n方涵或管涵尺寸(m) : 1.05*8.1|\n上游集水面积(m2) : 6000000.0|\n排水性质 : 雨水|\n有无沉淀设施 : 无|\n封堵(引流)计划 : 无"
      }
    },
    {
      "type": "Feature",
      "geometry": {
        "type": "Point",
        "coordinates": [
          116.80515468,
          40.28807029
        ]
      },
      "properties": {
        "name": "台上2山洪口",
        "type": "潮河总干渠--雨水口",
        "params": {
          "备注": "",
          "桩号(Km+m)": "11+041",
          "方涵或管涵尺寸(m)": "",
          "上游集水面积(m2)": "",
          "排水性质": "雨水",
          "有无沉淀设施": "无",
          "封堵(引流)计划": "无"
        },
        "photos": [],
        "description": "备注 : |\n桩号(Km+m) : 11+041|\n方涵或管涵尺寸(m) : |\n上游集水面积(m2) : |\n排水性质 : 雨水|\n有无沉淀设施 : 无|\n封堵(引流)计划 : 无"
      }
    },
    {
      "type": "Feature",
      "geometry": {
        "type": "Point",
        "coordinates": [
          116.8724513,
          40.36374817
        ]
      },
      "properties": {
        "name": "进水闸--提辖庄大车桥",
        "type": "潮河总干渠--挖填方统计表",
        "params": {},
        "photos": [],
        "description": ""
      }
    },
    {
      "type": "Feature",
      "geometry": {
        "type": "Point",
        "coordinates": [
          116.861642,
          40.35541139
        ]
      },
      "properties": {
        "name": "提辖庄大车桥--向阳山洪口",
        "type": "潮河总干渠--挖填方统计表",
        "params": {},
        "photos": [],
        "description": ""
      }
    },
    {
      "type": "Feature",
      "geometry": {
        "type": "Point",
        "coordinates": [
          116.83917314,
          40.33372152
        ]
      },
      "properties": {
        "name": "向阳山洪口--河南寨节制闸",
        "type": "潮河总干渠--挖填方统计表",
        "params": {},
        "photos": [],
        "description": ""
      }
    },
    {
      "type": "Feature",
      "geometry": {
        "type": "Point",
        "coordinates": [
          116.8352437,
          40.33070564
        ]
      },
      "properties": {
        "name": "河南寨节制闸--河南寨山洪口",
        "type": "潮河总干渠--挖填方统计表",
        "params": {},
        "photos": [],
        "description": ""
      }
    },
    {
      "type": "Feature",
      "geometry": {
        "type": "Point",
        "coordinates": [
          116.83384359,
          40.3294052
        ]
      },
      "properties": {
        "name": "河南寨山洪口--五支",
        "type": "潮河总干渠--挖填方统计表",
        "params": {},
        "photos": [],
        "description": ""
      }
    },
    {
      "type": "Feature",
      "geometry": {
        "type": "Point",
        "coordinates": [
          116.81244224,
          40.31429079
        ]
      },
      "properties": {
        "name": "五支--七支",
        "type": "潮河总干渠--挖填方统计表",
        "params": {},
        "photos": [],
        "description": ""
      }
    },
    {
      "type": "Feature",
      "geometry": {
        "type": "Point",
        "coordinates": [
          116.80518419,
          40.30609517
        ]
      },
      "properties": {
        "name": "七支--八支",
        "type": "潮河总干渠--挖填方统计表",
        "params": {},
        "photos": [],
        "description": ""
      }
    },
    {
      "type": "Feature",
      "geometry": {
        "type": "Point",
        "coordinates": [
          116.80296331,
          40.29807243
        ]
      },
      "properties": {
        "name": "八支--贾山大车桥",
        "type": "潮河总干渠--挖填方统计表",
        "params": {},
        "photos": [],
        "description": ""
      }
    }
  ]
}